Employee ID,First Name,Last Name,Title,Manager,Salary,City,State
E0001,Ryan,Gutierrez,Chief Executive Officer,N/A,249341,Gary,IN
E0002,Christina,Luna,Chief Technology Officer,N/A,210200,Naperville,IL
E0003,Ashley,Allen,Chief Product Officer,N/A,215186,Gary,IN
E0004,Chelsea,Rodriguez,Chief Marketing Officer,N/A,224159,Madison,WI
E0005,Sarah,Arnold,Chief Operating Officer,N/A,231392,Milwaukee,WI
E0006,David,White,Support Engineer,N/A,101895,Naperville,IL
E0007,Ashley,Harper,Software Engineer,N/A,101541,South Bend,IN
E0008,Evan,Barry,Mobile Technical Lead,N/A,77146,Madison,WI
E0009,Robert,Douglas,Growth Manager,N/A,128484,Chicago,IL
E0010,Anna,Callahan,Customer Success Manager,N/A,120677,Madison,WI
E0011,Erica,Haynes,Application Support Analyst,N/A,82523,South Bend,IN
E0012,Rachel,Lara,Product Manager,Erica Haynes,119405,Milwaukee,WI
E0013,Sarah,Alexander,Automation Engineer,Erica Haynes,119820,Gary,IN
E0014,Tracey,Perry,Mobile Integration Engineer,Sarah Alexander,98997,Chicago,IL
E0015,Nicholas,Soto,Mobile App Architect,Erica Haynes,69764,Gary,IN
E0016,Christina,Mckenzie,Frontend Engineer,Rachel Lara,90888,Chicago,IL
E0017,Christine,Harrison,Automation Engineer,Rachel Lara,95478,Peoria,IL
E0018,Kelly,Rodriguez,Business Analyst,Christine Harrison,79648,Chicago,IL
E0019,Samuel,Harris,iOS Developer,Rachel Lara,96969,Rockford,IL
E0020,Laura,Freeman,Software Tester,Kelly Rodriguez,54124,Naperville,IL
E0021,Kimberly,Simmons,DevOps Engineer,Kelly Rodriguez,110144,Rockford,IL
E0022,Kristina,Smith,Full Stack Developer,Samuel Harris,105978,Chicago,IL
E0023,Elizabeth,Gilbert,Community Manager,Erica Haynes,127528,Milwaukee,WI
E0024,Victoria,Juarez,Mobile QA Engineer,Rachel Lara,96738,Peoria,IL
E0025,Michael,Bryant,Platform Engineer,Erica Haynes,117216,Madison,WI
E0026,Jennifer,Ortega,QA Analyst,Christine Harrison,60786,South Bend,IN
E0027,Kelsey,Lewis,Agile Coach,Laura Freeman,54658,Rockford,IL
E0028,Larry,Marshall,QA Analyst,Tracey Perry,88802,Gary,IN
E0029,Donna,Graham,Support Engineer,Kelly Rodriguez,101112,Milwaukee,WI
E0030,Tami,Duncan,Mobile App Architect,Sarah Alexander,63468,Rockford,IL
E0031,Robert,Martin,Lead Developer,Kristina Smith,111870,Milwaukee,WI
E0032,Brian,Buchanan,Scrum Master,Christina Mckenzie,47840,Madison,WI
E0033,James,Brown,Digital Marketing Analyst,Tami Duncan,77382,Rockford,IL
E0034,Sarah,Murray,Software Engineer,Nicholas Soto,134527,Gary,IN
E0035,Paul,Ford,Mobile Advertising Manager,Tami Duncan,155033,Peoria,IL
E0036,Christina,Bowman,Technical Writer,Samuel Harris,67831,Milwaukee,WI
E0037,Victoria,George,Support Engineer,Samuel Harris,133367,Rockford,IL
E0038,Neil,Silva,Training Coordinator,Nicholas Soto,50004,Chicago,IL
E0039,Victoria,Peters,Growth Manager,Nicholas Soto,119606,Rockford,IL
E0040,Sarah,Vaughn,Agile Coach,Victoria George,74274,Naperville,IL
E0041,Molly,Howe,Product Manager,Erica Haynes,117416,Gary,IN
E0042,Victor,Graham,Content Strategist,Erica Haynes,54480,Milwaukee,WI
E0043,Sandra,Hoover,Backend Engineer,Sarah Alexander,101919,Gary,IN
E0044,Tina,Hamilton,Mobile Security Analyst,Erica Haynes,76194,Gary,IN
E0045,Robert,Tucker,Community Manager,Rachel Lara,137128,Rockford,IL
E0046,David,Aguirre,Growth Manager,Rachel Lara,126115,Gary,IN
E0047,Laurie,Livingston,Mobile Deployment Specialist,Christine Harrison,76289,Naperville,IL
E0048,Lauren,Martinez,Build Engineer,Rachel Lara,105080,Gary,IN
E0049,James,Gray,Engineering Manager,Kelly Rodriguez,156853,Gary,IN
E0050,Erik,Cuevas,Mobile Technical Lead,Kelly Rodriguez,59374,Milwaukee,WI
E0051,William,Moore,Solutions Architect,Samuel Harris,45187,South Bend,IN
E0052,Leon,Lyons,Solutions Architect,Erica Haynes,81593,Naperville,IL
E0053,Holly,Turner,Frontend Engineer,Rachel Lara,93904,Rockford,IL
E0054,Joshua,Roberts,Backend Engineer,Erica Haynes,109313,Naperville,IL
E0055,Jaclyn,Foster,Mobile Deployment Specialist,Christine Harrison,89915,Gary,IN
E0056,Rebecca,Miller,Release Manager,Laura Freeman,124718,Chicago,IL
E0057,Richard,Poole,Frontend Engineer,Tracey Perry,135598,Madison,WI
E0058,Sierra,Mcdonald,Android Developer,Kelly Rodriguez,135621,Gary,IN
E0059,Joshua,Alvarez,UI/UX Designer,Sarah Alexander,51947,Milwaukee,WI
E0060,Brandon,Little,Principal Engineer,Kristina Smith,100366,Chicago,IL
E0061,Amanda,Webster,Solutions Architect,Christina Mckenzie,54258,Milwaukee,WI
E0062,Ronald,Adams,Product Manager,Tami Duncan,110817,Gary,IN
E0063,David,Hernandez,Software Engineer,Nicholas Soto,120786,Madison,WI
E0064,Albert,Nixon,Mobile Integration Engineer,Tami Duncan,135781,Peoria,IL
E0065,Shelley,York,UX Researcher,Samuel Harris,67107,Naperville,IL
E0066,Sandra,Jefferson,Growth Manager,Samuel Harris,155563,Chicago,IL
E0067,Julie,Brown,Frontend Engineer,Nicholas Soto,100216,Chicago,IL
E0068,Tina,Smith,Mobile QA Engineer,Nicholas Soto,129595,Madison,WI
E0069,Melissa,Levine,DevOps Engineer,Victoria George,90712,Gary,IN
E0070,Monique,Hernandez,Digital Marketing Analyst,Erica Haynes,82279,Naperville,IL
E0071,Kelsey,Jackson,Training Coordinator,Erica Haynes,61911,Peoria,IL
E0072,Patricia,Williams,QA Analyst,Sarah Alexander,73882,Madison,WI
E0073,Joseph,Murray,Scrum Master,Erica Haynes,79177,Gary,IN
E0074,Beverly,Garcia,Backend Engineer,Rachel Lara,138702,South Bend,IN
E0075,Jesse,Silva,Lead Developer,Rachel Lara,93669,South Bend,IN
E0076,Megan,Hammond,Software Engineer,Christine Harrison,138889,Milwaukee,WI
E0077,Katrina,Watson,Product Designer,Rachel Lara,65525,Gary,IN
E0078,Kara,Byrd,DevOps Engineer,Kelly Rodriguez,93582,Rockford,IL
E0079,Luis,Morrison,Software Tester,Kelly Rodriguez,62689,Milwaukee,WI
E0080,Brittany,Powers,Product Manager,Samuel Harris,133770,Rockford,IL
E0081,Ashley,Glenn,Automation Engineer,Erica Haynes,108494,Madison,WI
E0082,David,Carter,Mobile App Architect,Rachel Lara,49280,South Bend,IN
E0083,Jason,Santiago,Customer Success Manager,Erica Haynes,122303,South Bend,IN
E0084,Stacey,Collins,Automation Engineer,Christine Harrison,107640,Milwaukee,WI
E0085,Kyle,Allen,Mobile Technical Lead,Laura Freeman,47940,Naperville,IL
E0086,Samuel,English,UI/UX Designer,Tracey Perry,65616,Milwaukee,WI
E0087,Timothy,Terry,iOS Developer,Kelly Rodriguez,113373,Peoria,IL
E0088,Andrea,Gonzalez,Platform Engineer,Sarah Alexander,102771,Rockford,IL
E0089,Christina,Reilly,Cloud Engineer,Kristina Smith,98488,Milwaukee,WI
E0090,Brian,Schmidt,UX Researcher,Christina Mckenzie,78002,Milwaukee,WI
E0091,Jon,James,Full Stack Developer,Tami Duncan,91552,Gary,IN
E0092,Whitney,Holden,Engineering Manager,Nicholas Soto,112451,Peoria,IL
E0093,Peggy,Carroll,Full Stack Developer,Tami Duncan,134720,Naperville,IL
E0094,Garrett,Ibarra,Business Analyst,Samuel Harris,63056,South Bend,IN
E0095,Rebecca,Gonzalez,Retention Specialist,Samuel Harris,81437,Madison,WI
E0096,Kathleen,Richards,Platform Engineer,Nicholas Soto,123836,Rockford,IL
E0097,Jeremy,Hicks,Backend Engineer,Nicholas Soto,112218,Peoria,IL
E0098,Russell,Valdez,Lead Developer,Victoria George,118239,Chicago,IL
E0099,Caitlin,Hendrix,Automation Engineer,Erica Haynes,103685,Milwaukee,WI
E0100,Beverly,Colon,Mobile Technical Lead,Erica Haynes,77605,Milwaukee,WI
E0101,James,Fitzgerald,Full Stack Developer,Sarah Alexander,110286,Milwaukee,WI
E0102,Tina,Flynn,Mobile App Architect,Erica Haynes,74806,Rockford,IL
E0103,Melissa,Willis,Technical Writer,Rachel Lara,55582,Milwaukee,WI
E0104,John,Patel,Mobile Technical Lead,Rachel Lara,68811,Rockford,IL
E0105,Debra,Winters,Product Manager,Christine Harrison,121743,Naperville,IL
E0106,Gina,Olson,Product Designer,Rachel Lara,61778,Naperville,IL
E0107,Michael,Adams,Backend Engineer,Kelly Rodriguez,98124,Naperville,IL
E0108,April,Martin,Solutions Architect,Kelly Rodriguez,63784,Gary,IN
E0109,Cynthia,Lee,Lead Developer,Samuel Harris,134602,Madison,WI
E0110,Eric,Reyes,Solutions Architect,Erica Haynes,78585,Rockford,IL
E0111,Christine,Jones,Scrum Master,Rachel Lara,72079,Naperville,IL
E0112,Jessica,Williams,Retention Specialist,Erica Haynes,61398,Chicago,IL
E0113,Joel,Vega,Automation Engineer,Christine Harrison,135858,Chicago,IL
E0114,Vicki,Fischer,Mobile App Architect,Laura Freeman,64048,Gary,IN
E0115,Robert,Chapman,Mobile Technical Lead,Tracey Perry,71167,Milwaukee,WI
E0116,Melanie,Wilson,Agile Coach,Kelly Rodriguez,75295,Milwaukee,WI
E0117,Donald,Mercado,App Store Optimization Specialist,Sarah Alexander,75351,Naperville,IL
E0118,Tammy,Acosta,Scrum Master,Kristina Smith,56814,Milwaukee,WI
E0119,Tony,Robinson,Digital Marketing Analyst,Christina Mckenzie,66536,Gary,IN
E0120,Jeremy,Shea,Product Manager,Tami Duncan,130793,Rockford,IL
E0121,Shane,Winters,Support Engineer,Nicholas Soto,103935,Naperville,IL
E0122,William,Smith,Content Strategist,Tami Duncan,74791,Chicago,IL
E0123,Lorraine,Welch,Full Stack Developer,Samuel Harris,120799,Madison,WI
E0124,Laura,Hill,Release Manager,Samuel Harris,130983,Chicago,IL
E0125,Yolanda,Jones,Agile Coach,Nicholas Soto,49089,Rockford,IL
E0126,Michael,Ellis,Digital Marketing Analyst,Nicholas Soto,75512,South Bend,IN
E0127,Allison,Humphrey,Release Manager,Victoria George,111503,Gary,IN
E0128,Norma,Ortiz,User Researcher,Erica Haynes,56541,Milwaukee,WI
E0129,Michael,Jacobson,Product Manager,Erica Haynes,127950,Gary,IN
E0130,Linda,Smith,Customer Success Manager,Sarah Alexander,156675,Naperville,IL
E0131,Kaitlin,Haynes,UX Researcher,Erica Haynes,79391,South Bend,IN
E0132,Ryan,Young,User Researcher,Rachel Lara,57063,Chicago,IL
E0133,Andrew,Hayes,Digital Marketing Analyst,Rachel Lara,71207,Peoria,IL
E0134,Robert,Wilson,Software Tester,Christine Harrison,67890,Gary,IN
E0135,Steven,Young,Product Designer,Rachel Lara,80094,Madison,WI
E0136,Julie,Flowers,Community Manager,Kelly Rodriguez,138625,Rockford,IL
E0137,Perry,Washington,Community Manager,Kelly Rodriguez,147376,Gary,IN
E0138,Kathleen,Johnson,iOS Developer,Samuel Harris,126759,South Bend,IN
E0139,Adrian,Patel,Mobile Advertising Manager,Erica Haynes,147911,Madison,WI
E0140,Matthew,Johnson,Mobile Advertising Manager,Rachel Lara,158126,Rockford,IL
E0141,Charles,Turner,Full Stack Developer,Erica Haynes,120058,Madison,WI
E0142,Gary,Rodriguez,Mobile Security Analyst,Christine Harrison,63722,Gary,IN
E0143,Kelsey,Mercado,Mobile Integration Engineer,Laura Freeman,137335,Chicago,IL
E0144,Carla,Marshall,Backend Engineer,Tracey Perry,131569,Naperville,IL
E0145,Rebecca,Thornton,Mobile QA Engineer,Kelly Rodriguez,104327,South Bend,IN
E0146,Gabriela,Lawson,Community Manager,Sarah Alexander,145788,Madison,WI
E0147,Angel,Buckley,Release Manager,Kristina Smith,132812,South Bend,IN
E0148,Sara,Moore,Retention Specialist,Christina Mckenzie,78901,Chicago,IL
E0149,Charles,Chavez,Solutions Architect,Tami Duncan,46061,Peoria,IL
E0150,Logan,Garrison,Platform Engineer,Nicholas Soto,98175,Naperville,IL
E0151,Wendy,Ward,UX Researcher,Tami Duncan,71895,Rockford,IL
E0152,Dennis,Stevens,Build Engineer,Samuel Harris,117908,Rockford,IL
E0153,Tina,Morales,Software Engineer,Samuel Harris,120069,Gary,IN
E0154,Melanie,Hood,Software Engineer,Nicholas Soto,126225,Madison,WI
E0155,Christine,Lopez,Digital Marketing Analyst,Nicholas Soto,72503,Peoria,IL
E0156,Thomas,Grant,Business Analyst,Victoria George,69281,Milwaukee,WI
E0157,Mark,Miller,Mobile App Architect,Erica Haynes,50874,Chicago,IL
E0158,Meghan,Richards,Mobile App Architect,Erica Haynes,77532,Milwaukee,WI
E0159,Stephen,Price,Platform Engineer,Sarah Alexander,128091,Chicago,IL
E0160,Kara,Watson,UX Researcher,Erica Haynes,58885,South Bend,IN
E0161,Kevin,White,Mobile Deployment Specialist,Rachel Lara,72487,Milwaukee,WI
E0162,Courtney,Vasquez,Product Designer,Rachel Lara,53155,Rockford,IL
E0163,Brandon,Stewart,UX Researcher,Christine Harrison,70939,Chicago,IL
E0164,Katherine,Jensen,QA Analyst,Rachel Lara,76631,Peoria,IL
E0165,Todd,Lee,Mobile Advertising Manager,Kelly Rodriguez,127334,Peoria,IL
E0166,Christian,Johnson,Retention Specialist,Kelly Rodriguez,67915,Chicago,IL
E0167,Donna,Marshall,Mobile QA Engineer,Samuel Harris,91017,Chicago,IL
E0168,Kenneth,Harris,Solutions Architect,Erica Haynes,79010,Rockford,IL
E0169,Garrett,Andrews,DevOps Engineer,Rachel Lara,127498,Gary,IN
E0170,Ryan,Phillips,Mobile Deployment Specialist,Erica Haynes,72824,South Bend,IN
E0171,Joseph,Johnson,Growth Manager,Christine Harrison,135776,Chicago,IL
E0172,Alexandria,Farmer,Digital Marketing Analyst,Laura Freeman,64222,Gary,IN
E0173,Michael,Williams,Application Support Analyst,Tracey Perry,89627,Rockford,IL
E0174,William,Jackson,DevOps Engineer,Kelly Rodriguez,118665,South Bend,IN
E0175,Lisa,Baker,Training Coordinator,Sarah Alexander,53279,Milwaukee,WI
E0176,Ernest,Jacobs,Mobile Technical Lead,Kristina Smith,70690,Peoria,IL
E0177,Elizabeth,Crawford,DevOps Engineer,Christina Mckenzie,111129,South Bend,IN
E0178,Dakota,Rose,Scrum Master,Tami Duncan,46680,Gary,IN
E0179,Paul,Rodriguez,Business Analyst,Nicholas Soto,85232,Madison,WI
E0180,Beverly,Davidson,Lead Developer,Tami Duncan,136371,Milwaukee,WI
E0181,Steven,Santiago,Agile Coach,Samuel Harris,46657,Madison,WI
E0182,Douglas,Morgan,Business Analyst,Samuel Harris,80693,Rockford,IL
E0183,Timothy,Alvarez,Automation Engineer,Nicholas Soto,132763,South Bend,IN
E0184,Linda,Dodson,Software Tester,Nicholas Soto,80089,South Bend,IN
E0185,Claire,Vasquez,User Researcher,Victoria George,48391,Peoria,IL
E0186,Wendy,Romero,Full Stack Developer,Erica Haynes,131119,Chicago,IL
E0187,Daniel,Cruz,Engineering Manager,Erica Haynes,116777,Milwaukee,WI
E0188,Patricia,Miller,Principal Engineer,Sarah Alexander,98040,Milwaukee,WI
E0189,Christine,Church,Technical Writer,Erica Haynes,62170,Madison,WI
E0190,Tina,Mclaughlin,Product Manager,Rachel Lara,142390,Rockford,IL
E0191,James,Trevino,Application Support Analyst,Rachel Lara,63298,Naperville,IL
E0192,Michael,Lucas,UX Researcher,Christine Harrison,49821,Naperville,IL
E0193,Penny,King,Product Manager,Rachel Lara,123781,Gary,IN
E0194,Amanda,Suarez,Mobile Security Analyst,Kelly Rodriguez,80760,Naperville,IL
E0195,Eric,Davis,Software Engineer,Kelly Rodriguez,109579,Chicago,IL
E0196,Susan,Goodman,Mobile Advertising Manager,Samuel Harris,147178,Chicago,IL
E0197,Kristina,Rodgers,Mobile Data Analyst,Erica Haynes,71363,Naperville,IL
E0198,Christopher,Erickson,Principal Engineer,Rachel Lara,125814,Chicago,IL
E0199,William,Boyd,Mobile Integration Engineer,Erica Haynes,138607,Peoria,IL
E0200,William,Garcia,Software Tester,Christine Harrison,84722,Chicago,IL
E0201,Jennifer,Acosta,Android Developer,Laura Freeman,123947,Madison,WI
E0202,Haley,Mullen,Solutions Architect,Tracey Perry,52522,South Bend,IN
E0203,Carlos,Sexton,Mobile Security Analyst,Kelly Rodriguez,64540,South Bend,IN
E0204,Thomas,Sherman,Community Manager,Sarah Alexander,118295,Peoria,IL
E0205,Kim,Harris,Product Designer,Kristina Smith,58057,Milwaukee,WI
E0206,Derek,Chan,Training Coordinator,Christina Mckenzie,81142,Peoria,IL
E0207,Mary,Miller,Support Engineer,Tami Duncan,118577,Gary,IN
E0208,Emily,Fischer,User Researcher,Nicholas Soto,56335,South Bend,IN
E0209,Michael,Rodriguez,Training Coordinator,Tami Duncan,63421,Gary,IN
E0210,Jonathan,Williams,Engineering Manager,Samuel Harris,148507,Peoria,IL
E0211,Kyle,Weiss,Release Manager,Samuel Harris,157320,Naperville,IL
E0212,Andrew,Phillips,Mobile Performance Engineer,Nicholas Soto,117770,Peoria,IL
E0213,Tammy,Ramirez,Lead Developer,Nicholas Soto,97048,Gary,IN
E0214,Michele,Thompson,Software Tester,Victoria George,82168,Rockford,IL
E0215,Daniel,Vega,Business Analyst,Erica Haynes,86848,Milwaukee,WI
E0216,Karen,White,DevOps Engineer,Erica Haynes,92212,Peoria,IL
E0217,Michael,Garcia,UX Researcher,Sarah Alexander,64233,Rockford,IL
E0218,April,Heath,Android Developer,Erica Haynes,97513,Madison,WI
E0219,Kathryn,Hunter,Digital Marketing Analyst,Rachel Lara,85916,Madison,WI
E0220,Carolyn,Marquez,Automation Engineer,Rachel Lara,94760,South Bend,IN
E0221,Katherine,Jones,Solutions Architect,Christine Harrison,69377,Madison,WI
E0222,Steven,Higgins,Mobile Security Analyst,Rachel Lara,64007,Chicago,IL
E0223,Alec,Austin,Community Manager,Kelly Rodriguez,110714,Rockford,IL
E0224,Mary,Adams,App Store Optimization Specialist,Kelly Rodriguez,78594,Rockford,IL
E0225,Thomas,Rodriguez,Mobile Deployment Specialist,Samuel Harris,62170,Gary,IN
E0226,Manuel,Miller,Principal Engineer,Erica Haynes,103905,South Bend,IN
E0227,Elizabeth,Thomas,Mobile Deployment Specialist,Rachel Lara,69111,Milwaukee,WI
E0228,Monica,Ross,Growth Manager,Erica Haynes,137639,Gary,IN
E0229,Amber,Forbes,Mobile Security Analyst,Christine Harrison,66492,South Bend,IN
E0230,Andrew,Gray,Support Engineer,Laura Freeman,122679,Chicago,IL
E0231,Ryan,Gallagher,UX Researcher,Tracey Perry,52815,Milwaukee,WI
E0232,Mike,Moore,DevOps Engineer,Kelly Rodriguez,129415,Rockford,IL
E0233,Sarah,Hamilton,Agile Coach,Sarah Alexander,60494,Chicago,IL
E0234,Brandon,Castro,Android Developer,Kristina Smith,132183,Chicago,IL
E0235,Karen,Greene,Technical Writer,Christina Mckenzie,53589,Gary,IN
E0236,Ruth,Davis,Build Engineer,Tami Duncan,124571,Chicago,IL
E0237,Jamie,Allen,Growth Manager,Nicholas Soto,111066,Milwaukee,WI
E0238,Yolanda,Soto,Mobile App Architect,Tami Duncan,72202,Peoria,IL
E0239,Joshua,Stanton,Mobile Security Analyst,Samuel Harris,84696,Rockford,IL
E0240,Michelle,Robinson,Scrum Master,Samuel Harris,81467,Rockford,IL
E0241,Karen,Gray,Lead Developer,Nicholas Soto,93084,Gary,IN
E0242,Javier,Williams,Community Manager,Nicholas Soto,139791,Naperville,IL
E0243,Joel,Weaver,Growth Manager,Victoria George,117956,Rockford,IL
E0244,William,Thomas,Mobile App Architect,Erica Haynes,46919,South Bend,IN
E0245,Ryan,Collins,iOS Developer,Erica Haynes,99092,Milwaukee,WI
E0246,Lindsay,Parsons,Community Manager,Sarah Alexander,157464,Gary,IN
E0247,Brenda,Farley,DevOps Engineer,Erica Haynes,95768,South Bend,IN
E0248,Veronica,Rodriguez,Solutions Architect,Rachel Lara,80229,Chicago,IL
E0249,Jennifer,Smith,UI/UX Designer,Rachel Lara,62018,Chicago,IL
E0250,Andrea,Nelson,UI/UX Designer,Christine Harrison,64941,Milwaukee,WI
E0251,Joshua,Mcbride,Mobile Data Analyst,Rachel Lara,82541,Port Kathrynland,NM
E0252,Rachael,Vincent,Agile Coach,Kelly Rodriguez,62688,Port Michaelville,KS
E0253,Susan,Decker,Backend Engineer,Kelly Rodriguez,128237,Randallmouth,LA
E0254,Spencer,Steele,Backend Engineer,Samuel Harris,110927,Hernandezport,WV
E0255,Chad,Stanton,Engineering Manager,Erica Haynes,137085,South Matthew,NC
E0256,Lori,Johnston,Mobile Advertising Manager,Rachel Lara,118019,North Terri,NV
E0257,Megan,Green,Automation Engineer,Erica Haynes,127872,Jamesview,IA
E0258,Michael,Gonzalez,Support Engineer,Christine Harrison,108385,New Lauren,MN
E0259,Jillian,Powell,Product Designer,Laura Freeman,59800,Gillland,WY
E0260,Randall,Walters,Technical Writer,Tracey Perry,50426,Port Jessicaport,NV
E0261,Brenda,Williams,Automation Engineer,Kelly Rodriguez,133219,Penningtonmouth,MA
E0262,Jeffrey,Pearson,Release Manager,Sarah Alexander,155545,West Barbara,CT
E0263,Juan,Gray,Support Engineer,Kristina Smith,93949,South Kelli,SD
E0264,Kathy,Haynes,Mobile Advertising Manager,Christina Mckenzie,124164,North Johnberg,VT
E0265,Laura,Castillo,Agile Coach,Tami Duncan,57315,Orozcoport,CO
E0266,Brittney,Wilson,Mobile Data Analyst,Nicholas Soto,66837,North Georgeton,AR
E0267,Nicole,Carrillo,Mobile Integration Engineer,Tami Duncan,123680,Underwoodland,IA
E0268,Mathew,Davis,Customer Success Manager,Samuel Harris,156433,Raymondport,NY
E0269,Robert,Mitchell,Platform Engineer,Samuel Harris,96924,Myerschester,NJ
E0270,Shaun,Richardson,QA Analyst,Nicholas Soto,71915,Williamsland,DE
E0271,Rachel,Smith,Lead Developer,Nicholas Soto,123650,West Emilyview,ME
E0272,Joseph,Barker,Software Tester,Victoria George,49498,East Renee,IA
E0273,Virginia,Garcia,DevOps Engineer,Erica Haynes,134975,Susanborough,ME
E0274,Jose,Gould,Full Stack Developer,Erica Haynes,120209,Laurenhaven,IL
E0275,John,Robertson,Frontend Engineer,Sarah Alexander,105765,Tiffanymouth,KY
E0276,Barbara,Ayers,Software Engineer,Erica Haynes,107482,Evanport,HI
E0277,Marcus,Thomas,Mobile Advertising Manager,Rachel Lara,144792,South Bettyview,CA
E0278,Stephen,Haas,User Researcher,Rachel Lara,52754,Cassandraview,AK
E0279,Whitney,Hunt,Cloud Engineer,Christine Harrison,118277,South Kelli,SD
E0280,Christopher,Townsend,Application Support Analyst,Rachel Lara,76455,New Erik,VA
E0281,James,Valdez,Mobile Data Analyst,Kelly Rodriguez,61741,Port Benjaminborough,MA
E0282,James,Macdonald,Solutions Architect,Kelly Rodriguez,51410,Goodmanport,WA
E0283,Travis,Cruz,Digital Marketing Analyst,Samuel Harris,66354,Port Nicole,SC
E0284,Michael,Hoffman,Application Support Analyst,Erica Haynes,65788,West Timothyfort,OR
E0285,Belinda,Rose,Mobile Integration Engineer,Rachel Lara,129809,Laurenburgh,NC
E0286,Tristan,Williams,Digital Marketing Analyst,Erica Haynes,63577,Port Brittanyfurt,NM
E0287,James,Holt,Growth Manager,Christine Harrison,126314,North Annette,DE
E0288,Marcus,Moore,QA Analyst,Laura Freeman,63774,Lake Anthony,ME
E0289,Kyle,Hardy,Mobile Technical Lead,Tracey Perry,62444,Kellyborough,CT
E0290,Brian,Vazquez,Build Engineer,Kelly Rodriguez,96621,Lake Justinburgh,NM
E0291,Peter,Brooks,Lead Developer,Sarah Alexander,135843,New Dennisview,IN
E0292,Mitchell,Wilson,Application Support Analyst,Kristina Smith,72874,South Jonathan,KS
E0293,John,Gordon,Community Manager,Christina Mckenzie,127581,Laurenburgh,NC
E0294,Aaron,Martinez,DevOps Engineer,Tami Duncan,103341,West Alicia,SD
E0295,Christy,Wallace,Training Coordinator,Nicholas Soto,84079,North Brandon,SC
E0296,Connie,Johns,Mobile App Architect,Tami Duncan,57129,Johnville,KS
E0297,Teresa,Dougherty,Customer Success Manager,Samuel Harris,155084,Kellyborough,CT
E0298,Jimmy,Kelley,Mobile Security Analyst,Samuel Harris,82329,Lake Jacquelinehaven,DE
E0299,Rachel,Wallace,Software Engineer,Nicholas Soto,111768,East Richard,WY
E0300,Elizabeth,Smith,Full Stack Developer,Nicholas Soto,90834,East Bradley,VA
E0301,Gregory,Mendoza,Digital Marketing Analyst,Victoria George,70946,Jacquelineburgh,NE
E0302,Cynthia,Glass,User Researcher,Erica Haynes,50044,Lake Patrick,GA
E0303,Thomas,Hansen,Principal Engineer,Erica Haynes,113078,Lake Rebeccaborough,AR
E0304,Danielle,Simpson,Engineering Manager,Sarah Alexander,110065,Lake Cassie,FL
E0305,Jonathan,Shaffer,Product Designer,Erica Haynes,52168,Madelinestad,OR
E0306,David,Mitchell,Mobile Technical Lead,Rachel Lara,64048,Kathystad,ND
E0307,Austin,Smith,Mobile Integration Engineer,Rachel Lara,122974,North Samantha,IA
E0308,Christine,White,Mobile App Architect,Christine Harrison,51553,West Kimberlyhaven,SD
E0309,Nancy,Wilson,Mobile Performance Engineer,Rachel Lara,122156,Milesbury,TN
E0310,Jenny,Douglas,Build Engineer,Kelly Rodriguez,106865,Port Jeffreytown,KS
E0311,Julia,Kennedy,User Researcher,Kelly Rodriguez,68874,Randallmouth,LA
E0312,Emily,Berry,Cloud Engineer,Samuel Harris,109735,Travisbury,OR
E0313,Michael,Shields,Mobile Integration Engineer,Erica Haynes,133511,Underwoodland,IA
E0314,Megan,Pace,Frontend Engineer,Rachel Lara,107690,West Ryan,IL
E0315,Jennifer,Lawrence,Business Analyst,Erica Haynes,60679,North Timothy,NM
E0316,Anne,Walters,QA Analyst,Christine Harrison,81606,South Christopher,CO
E0317,Felicia,Wright,Support Engineer,Laura Freeman,92025,New Alejandromouth,UT
E0318,Charles,Potter,Community Manager,Tracey Perry,138227,South Michael,ND
E0319,Scott,Reid,Scrum Master,Kelly Rodriguez,57703,New Johnton,MS
E0320,Joann,Green,Business Analyst,Sarah Alexander,63536,Elizabethfurt,WI
E0321,Gerald,Mccann,Business Analyst,Kristina Smith,82242,North Elizabeth,MT
E0322,Valerie,Mckinney,Mobile Integration Engineer,Christina Mckenzie,101465,Jessicaside,ID
E0323,Luis,Garcia,Mobile Data Analyst,Tami Duncan,72813,New Elizabeth,UT
E0324,Alan,Cherry,Content Strategist,Nicholas Soto,65271,East Charles,MD
E0325,Amanda,Fox,Engineering Manager,Tami Duncan,144083,Lake Charles,DC
E0326,Nicole,Wood,Lead Developer,Samuel Harris,98058,New Erik,VA
E0327,Harold,Adams,Mobile Technical Lead,Samuel Harris,67740,North Brandon,SC
E0328,Cassandra,Parker,iOS Developer,Nicholas Soto,122697,Cassandraview,AK
E0329,Kelsey,Allen,App Store Optimization Specialist,Nicholas Soto,82312,Lake Brooke,TX
E0330,Joshua,Woods,Technical Writer,Victoria George,81578,East Bradley,VA
E0331,Lisa,Robinson,Customer Success Manager,Erica Haynes,141904,North Brandon,SC
E0332,Daniel,Smith,Technical Writer,Erica Haynes,46021,Raymondport,NY
E0333,Hannah,Williams,Release Manager,Sarah Alexander,128547,Monicaton,SD
E0334,Jeffery,Parks,Frontend Engineer,Erica Haynes,93486,Lake Cassie,FL
E0335,Julie,Blake,iOS Developer,Rachel Lara,118201,Port Jessicaport,NV
E0336,Shannon,Melton,UI/UX Designer,Rachel Lara,61477,South Jessica,MT
E0337,Katherine,Austin,Technical Writer,Christine Harrison,77898,East Bradley,VA
E0338,Suzanne,Hubbard,Full Stack Developer,Rachel Lara,95636,Carlyport,MS
E0339,Ashley,King,Full Stack Developer,Kelly Rodriguez,138041,Lake Barbara,NC
E0340,Francis,Davis,Engineering Manager,Kelly Rodriguez,115289,Adamborough,NC
E0341,Stefanie,Brock,Mobile QA Engineer,Samuel Harris,121010,Sandrafort,MN
E0342,Richard,Jones,Automation Engineer,Erica Haynes,134466,South Matthew,NC
E0343,Julia,Holloway,Digital Marketing Analyst,Rachel Lara,73078,Elizabethfurt,WI
E0344,Toni,Bentley,User Researcher,Erica Haynes,64793,West Timothyfort,OR
E0345,Gerald,Ortega,Software Engineer,Christine Harrison,126956,New Danburgh,IL
E0346,Joseph,Walker,Engineering Manager,Laura Freeman,119121,Port Brittanyfurt,NM
E0347,Shari,Bates,User Researcher,Tracey Perry,53892,South Mariatown,DC
E0348,Melissa,Snyder,Software Tester,Kelly Rodriguez,64730,Susanborough,ME
E0349,Edgar,Hoffman,Customer Success Manager,Sarah Alexander,147136,Cassandraview,AK
E0350,William,Lopez,App Store Optimization Specialist,Kristina Smith,77885,North Tiffanyborough,IA
E0351,Christopher,Weeks,Digital Marketing Analyst,Christina Mckenzie,63147,South Jessica,MT
E0352,Richard,Miller,Mobile Performance Engineer,Tami Duncan,135490,South Collin,TX
E0353,Matthew,Murray,Retention Specialist,Nicholas Soto,83350,Owensside,NM
E0354,Dustin,Conley,Cloud Engineer,Tami Duncan,118027,North Johnberg,VT
E0355,Nicole,Nguyen,UX Researcher,Samuel Harris,75230,Evanport,HI
E0356,Erica,Schultz,Android Developer,Samuel Harris,117585,Christianborough,WV
E0357,Anna,Simmons,Lead Developer,Nicholas Soto,109817,Thompsonshire,HI
E0358,Rose,Wolfe,Engineering Manager,Nicholas Soto,143567,Port Sarah,NV
E0359,Kelly,Garcia,Lead Developer,Victoria George,125603,East Richard,WY
E0360,Matthew,Winters,Technical Writer,Erica Haynes,48508,East Eileenmouth,IA
E0361,Nicholas,Mann,Backend Engineer,Erica Haynes,116407,Valerieport,VT
E0362,David,Jones,App Store Optimization Specialist,Sarah Alexander,86459,Youngtown,NH
E0363,Melissa,Mahoney,App Store Optimization Specialist,Erica Haynes,87498,Lake Anthony,ME
E0364,Anthony,Simpson,UI/UX Designer,Rachel Lara,62706,Zacharymouth,MA
E0365,Steve,Gonzalez,Mobile App Architect,Rachel Lara,66855,West Timothyfort,OR
E0366,April,Holt,Technical Writer,Christine Harrison,82056,Alexandriatown,TX
E0367,Joseph,Walker,Mobile Data Analyst,Rachel Lara,88321,New Andrew,IL
E0368,Donald,Tapia,Engineering Manager,Kelly Rodriguez,154198,Jamesborough,WV
E0369,Juan,Hall,Community Manager,Kelly Rodriguez,123439,Lake Amy,OH
E0370,Timothy,Hoover,Mobile Deployment Specialist,Samuel Harris,84262,Elizabethfurt,WI
E0371,Leslie,Reynolds,Backend Engineer,Erica Haynes,104650,Thomaston,IL
E0372,Nicholas,Rosario,Business Analyst,Rachel Lara,87926,Grayport,WY
E0373,Brent,Smith,Business Analyst,Erica Haynes,70187,Robertsonfurt,DC
E0374,Lisa,Davenport,Support Engineer,Christine Harrison,130872,North Jonathan,DE
E0375,Jennifer,Vazquez,Frontend Engineer,Laura Freeman,94400,East Christine,AZ
E0376,Sarah,Villegas,Principal Engineer,Tracey Perry,97932,North Terri,NV
E0377,James,Heath,Automation Engineer,Kelly Rodriguez,103388,Randymouth,MN
E0378,Steven,Lopez,Android Developer,Sarah Alexander,123148,Lake Darrellchester,VT
E0379,Mary,Wright,UI/UX Designer,Kristina Smith,52983,Gilbertfurt,ME
E0380,Brandon,Gomez,Product Designer,Christina Mckenzie,57061,Heatherside,FL
E0381,Jason,Thompson,Build Engineer,Tami Duncan,107057,Richardshire,AR
E0382,Sarah,Russo,Retention Specialist,Nicholas Soto,74389,Underwoodland,IA
E0383,Elizabeth,Russell,Lead Developer,Tami Duncan,98073,New Erik,VA
E0384,Julie,Romero,Business Analyst,Samuel Harris,60709,Thomasburgh,WY
E0385,James,Brown,Mobile Advertising Manager,Samuel Harris,125773,Lake Patrick,GA
E0386,Donna,Mitchell,Community Manager,Nicholas Soto,145827,West Emilyview,ME
E0387,Zachary,Barker,Product Designer,Nicholas Soto,64007,Adamborough,NC
E0388,Michael,Murray,Mobile App Architect,Victoria George,83585,Laurenburgh,NC
E0389,Shannon,Baker,Mobile Advertising Manager,Erica Haynes,128034,Chrisburgh,WV
E0390,Melanie,Ross,Community Manager,Erica Haynes,117034,Laurieshire,NC
E0391,Martin,Morrow,Digital Marketing Analyst,Sarah Alexander,64855,Evanport,HI
E0392,Robert,Young,App Store Optimization Specialist,Erica Haynes,63936,Lake Jadefurt,RI
E0393,Angela,Lang,iOS Developer,Rachel Lara,128046,West Kimberlyhaven,SD
E0394,Jennifer,Bartlett,Growth Manager,Rachel Lara,152626,Ericatown,WY
E0395,Stephanie,Barker,Lead Developer,Christine Harrison,119129,Jacksonville,AZ
E0396,Jessica,Tucker,Backend Engineer,Rachel Lara,120664,Davidland,NE
E0397,Paul,Calderon,App Store Optimization Specialist,Kelly Rodriguez,69073,New Scottport,WV
E0398,Shaun,Anderson,Cloud Engineer,Kelly Rodriguez,122809,Underwoodland,IA
E0399,Mark,Jones,Release Manager,Samuel Harris,132861,New Emmaport,MT
E0400,Jasmine,Peterson,Mobile Integration Engineer,Erica Haynes,115599,Dawsonport,NM
E0401,Christopher,Frazier,Software Engineer,Rachel Lara,132986,Lake Brooke,TX
E0402,Kimberly,Roth,Growth Manager,Erica Haynes,157134,Lake Jadefurt,RI
E0403,Colin,Lambert,App Store Optimization Specialist,Christine Harrison,83435,Underwoodland,IA
E0404,James,Hammond,Content Strategist,Laura Freeman,64852,Martinchester,WA
E0405,Charlene,Burke,Product Manager,Tracey Perry,152279,Alexandriatown,TX
E0406,Jeffrey,Diaz,Product Designer,Kelly Rodriguez,84704,Lake Cindy,ND
E0407,Lindsay,Chavez,Mobile Technical Lead,Sarah Alexander,78225,Port Shawnmouth,AL
E0408,Juan,Fowler,Mobile Integration Engineer,Kristina Smith,106988,Lewisborough,OH
E0409,Amanda,Gonzales,Mobile Security Analyst,Christina Mckenzie,79295,East Robert,AZ
E0410,Rhonda,Jackson,Cloud Engineer,Tami Duncan,128305,Port Samanthaport,NM
E0411,James,Stafford,Product Manager,Nicholas Soto,112944,Evanport,HI
E0412,Heather,Martin,DevOps Engineer,Tami Duncan,105184,Deanville,KY
E0413,Amanda,Gonzalez,Mobile App Architect,Samuel Harris,77730,Lake Marcusborough,WY
E0414,Keith,Wilson,Product Designer,Samuel Harris,66211,Lake Patrickhaven,MA
E0415,Christopher,Giles,Automation Engineer,Nicholas Soto,96909,East Richard,WY
E0416,Julie,Ramirez,Agile Coach,Nicholas Soto,72528,Martinchester,WA
E0417,William,Young,UI/UX Designer,Victoria George,61415,Hendersonton,CO
E0418,Robert,Olsen,Product Manager,Nicholas Soto,138936,Youngtown,NH
E0419,Robert,Villa,Principal Engineer,Tami Duncan,131372,Veronicachester,NM
E0420,Sherri,Sanders,Software Engineer,Samuel Harris,111047,Port Courtney,IN
E0421,Sandra,Ward,Mobile Performance Engineer,Samuel Harris,114748,South Diana,WI
E0422,Cindy,Green,Mobile Technical Lead,Nicholas Soto,81468,West Emilyview,ME
E0423,Joanne,Martinez,User Researcher,Nicholas Soto,77184,Port Benjaminborough,MA
E0424,James,Williams,Technical Writer,Victoria George,59778,West Emilyview,ME
E0425,Ashley,Sanchez,DevOps Engineer,Erica Haynes,118446,North Georgeton,AR
E0426,Madison,Blair,Software Tester,Erica Haynes,50637,Lake Miguel,TN
E0427,Travis,Bishop,Business Analyst,Sarah Alexander,81910,Deanville,KY
E0428,Richard,Wilkerson,Mobile QA Engineer,Erica Haynes,99211,Ericatown,WY
E0429,Joyce,Hughes,Solutions Architect,Rachel Lara,71740,Jessicaland,AL
E0430,Charles,Hickman,Product Manager,Rachel Lara,132328,Thomasburgh,WY
E0431,Andre,Stein,Growth Manager,Christine Harrison,144613,Nicholstown,AL
E0432,Kathleen,Mathews,Release Manager,Rachel Lara,147379,Monicaton,SD
E0433,Jesus,Huang,Platform Engineer,Kelly Rodriguez,113075,Owensside,NM
E0434,Deborah,Sawyer,Mobile Deployment Specialist,Kelly Rodriguez,87964,South Jessica,MT
E0435,Ronald,Shelton,Product Manager,Samuel Harris,138762,South Kathy,TN
E0436,Angela,Wright,Agile Coach,Erica Haynes,49644,Jessicaland,AL
E0437,Jennifer,Bentley,Backend Engineer,Rachel Lara,123898,Gilbertfurt,ME
E0438,Courtney,Collier,Frontend Engineer,Erica Haynes,122683,Hansenshire,VA
E0439,Colleen,Stone,Principal Engineer,Christine Harrison,125424,Lake Jeffery,ND
E0440,Brian,Fischer,QA Analyst,Laura Freeman,86913,Estradamouth,NH
E0441,Rebecca,Price,User Researcher,Tracey Perry,70586,North Richardberg,NJ
E0442,Melissa,Rowe,Product Manager,Kelly Rodriguez,120345,Elizabethfurt,WI
E0443,Susan,Larson,Product Manager,Sarah Alexander,145023,East Matthew,SD
E0444,Ryan,Moore,Mobile Integration Engineer,Kristina Smith,130058,Johnville,KS
E0445,Tanya,Brown,Application Support Analyst,Christina Mckenzie,80271,Lake Cassandra,CT
E0446,Derek,Vaughn,Community Manager,Tami Duncan,117266,Lake Miguel,TN
E0447,Johnny,Torres,User Researcher,Nicholas Soto,46964,West Lisa,SD
E0448,Michelle,Mejia,UX Researcher,Tami Duncan,62097,West Emilyview,ME
E0449,Tyrone,Glover,UI/UX Designer,Samuel Harris,54128,New Carol,NM
E0450,Mackenzie,Allen,Mobile Data Analyst,Samuel Harris,84816,Port Jeffreytown,KS
E0451,Jessica,Alvarez,Automation Engineer,Nicholas Soto,122345,Chelseaville,NC
E0452,Luis,Perry,Mobile Technical Lead,Nicholas Soto,84977,Lake Charles,DC
E0453,Benjamin,Hopkins,Mobile QA Engineer,Victoria George,112665,Chelseaville,NC
E0454,Brian,Shaw,Principal Engineer,Erica Haynes,138450,Port Kathrynland,NM
E0455,Jessica,Johnson,Mobile Deployment Specialist,Erica Haynes,75688,East Thomasstad,NY
E0456,Jennifer,Watson,Content Strategist,Sarah Alexander,47735,Randymouth,MN
E0457,Chris,Perez,Support Engineer,Erica Haynes,123266,Port Christopher,MT
E0458,Jessica,Bishop,Cloud Engineer,Rachel Lara,118279,Jamesview,IA
E0459,Diana,Wells,QA Analyst,Rachel Lara,60702,Sandrafort,MN
E0460,David,Alexander,Android Developer,Christine Harrison,102856,Mackshire,MS
E0461,Jacqueline,Hall,Agile Coach,Rachel Lara,46185,Jasonton,NH
E0462,Ernest,Leonard,UI/UX Designer,Kelly Rodriguez,70370,West Davidmouth,HI
E0463,Jodi,Morris,Community Manager,Kelly Rodriguez,118207,New Erik,VA
E0464,Joseph,Barrera,Digital Marketing Analyst,Samuel Harris,78007,South Jessica,MT
E0465,Taylor,Brown,Mobile Performance Engineer,Erica Haynes,97732,Thomaston,IL
E0466,Anita,Morgan,Solutions Architect,Rachel Lara,68054,Watsontown,OH
E0467,Lauren,Fields,Digital Marketing Analyst,Erica Haynes,61898,Sierraville,KS
E0468,Michael,Thompson,Scrum Master,Christine Harrison,83575,New Scottport,WV
E0469,Ashley,Yoder,UX Researcher,Laura Freeman,80141,Jessicaland,AL
E0470,Samuel,Newman,iOS Developer,Tracey Perry,137174,Bautistatown,IN
E0471,Jack,Boyd,UI/UX Designer,Kelly Rodriguez,50020,Lake Cassandra,CT
E0472,James,Perry,Mobile Performance Engineer,Sarah Alexander,101835,South Chadmouth,KS
E0473,Emily,Rodriguez,Mobile Security Analyst,Kristina Smith,71457,Lake Roymouth,CO
E0474,Meagan,Sims,Automation Engineer,Christina Mckenzie,109163,Lewisborough,OH
E0475,Timothy,Miller,Application Support Analyst,Tami Duncan,75686,Lake Cindy,ND
E0476,Joseph,Acosta,Mobile Advertising Manager,Nicholas Soto,115033,West Barbara,CT
E0477,Linda,Mason,Build Engineer,Tami Duncan,103491,Laurenburgh,NC
E0478,Angel,Brooks,Cloud Engineer,Samuel Harris,104436,Lake Darrellchester,VT
E0479,David,Reid,Customer Success Manager,Samuel Harris,134047,Emilyside,NV
E0480,Mark,Tucker,Technical Writer,Nicholas Soto,61004,North Jessicamouth,MA
E0481,Shari,Green,Content Strategist,Nicholas Soto,65896,Port Michaelville,KS
E0482,Andrew,Bailey,Platform Engineer,Victoria George,96840,Lake Anthony,ME
E0483,Rachel,Barnes,UX Researcher,Erica Haynes,76864,East Renee,IA
E0484,Gregory,Smith,Release Manager,Erica Haynes,118987,Veronicachester,NM
E0485,Amanda,Schwartz,QA Analyst,Sarah Alexander,69992,East Courtney,WV
E0486,Gary,Jordan,Release Manager,Erica Haynes,118044,Port Sarah,NV
E0487,Lisa,Farmer,Full Stack Developer,Rachel Lara,92350,Sierraville,KS
E0488,Jamie,Daniel,Mobile Performance Engineer,Rachel Lara,132592,Youngtown,NH
E0489,Cheryl,Cisneros,Frontend Engineer,Christine Harrison,91395,Nicholstown,AL
E0490,Christopher,Taylor,Mobile QA Engineer,Rachel Lara,107714,East Renee,IA
E0491,Katherine,Wolfe,Agile Coach,Kelly Rodriguez,64687,Monicaton,SD
E0492,Bruce,Warner,UI/UX Designer,Kelly Rodriguez,63290,Stephenbury,MS
E0493,Paul,Martin,Agile Coach,Samuel Harris,77463,Tiffanymouth,KY
E0494,Omar,Randall,Agile Coach,Erica Haynes,70209,Lake Darrellchester,VT
E0495,Scott,Marquez,QA Analyst,Rachel Lara,66741,Johnville,VA
E0496,Melvin,Walters,Mobile Advertising Manager,Erica Haynes,138251,Mackshire,MS
E0497,Michelle,Reed,Mobile Advertising Manager,Christine Harrison,129998,West Lisa,SD
E0498,Sandra,Herring,Cloud Engineer,Laura Freeman,91703,Matthewport,ID
E0499,William,Molina,Mobile Data Analyst,Tracey Perry,87137,Matthewport,ID
E0500,Joseph,Shaw,Engineering Manager,Kelly Rodriguez,124191,East Eileenmouth,IA
