Employee ID,Full Name,Title,Manager,Salary,Rank,City,State
E0001,"Gutierrez, Ryan",Chief Executive Officer,N/A,USD800000,8,Gary,IN
E0002,"Luna, Christina",Chief Technology Officer,N/A,USD750000,8,Naperville,IL
E0003,"Allen, Ashley",Chief Product Officer,N/A,USD500000,5,Gary,IN
E0004,"Rodriguez, Chelsea",Chief Marketing Officer,N/A,USD550000,6,Madison,WI
E0005,"Arnold, Sarah",Chief Operating Officer,N/A,USD780000,8,Milwaukee,WI
E0006,"White, David",Support Engineer,N/A,USD101895,1,Naperville,IL
E0007,"Harper, Ashley",Software Engineer,N/A,USD101541,1,South Bend,IN
E0008,"Barry, Evan",Mobile Technical Lead,N/A,USD77146,1,Madison,WI
E0009,"Douglas, Robert",Manager,N/A,USD250000,3,Chicago,IL
E0010,"Callahan, Anna",Manager,N/A,USD275000,3,Madison,WI
E0011,"Haynes, Erica",Application Support Analyst,N/A,USD82523,1,South Bend,IN
E0012,"Lara, Rachel",Manager,Erica Haynes,USD275000,3,Milwaukee,WI
E0013,"Alexander, Sarah",Automation Engineer,Erica Haynes,USD119820,1,Gary,IN
,,,,,,,
E0014,"Perry, Tracey",Mobile Integration Engineer,Sarah Alexander,USD98997,1,Chicago,IL
E0015,"Soto, Nicholas",Mobile App Architect,Erica Haynes,USD69764,1,Gary,IN
E0016,"Mckenzie, Christina",Frontend Engineer,Rachel Lara,USD90888,1,Chicago,IL
E0017,"Harrison, Christine",Automation Engineer,Rachel Lara,USD95478,1,Peoria,IL
E0018,"Rodriguez, Kelly",Business Analyst,Christine Harrison,USD79648,1,Chicago,IL
E0019,"Harris, Samuel",iOS Developer,Rachel Lara,USD96969,1,Rockford,IL
E0020,"Freeman, Laura",Software Tester,Kelly Rodriguez,USD54124,1,Naperville,IL
E0021,"Simmons, Kimberly",DevOps Engineer,Kelly Rodriguez,USD110144,1,Rockford,IL
E0022,"Smith, Kristina",Full Stack Developer,Samuel Harris,USD105978,1,Chicago,IL
E0023,"Gilbert, Elizabeth",Manager,Erica Haynes,USD275000,3,Milwaukee,WI
E0024,"Juarez, Victoria",Mobile QA Engineer,-,USD96738,1,Peoria,IL
E0025,"Bryant, Michael",Platform Engineer,Erica Haynes,USD117216,1,Madison,WI
E0026,"Ortega, Jennifer",QA Analyst,Christine Harrison,USD60786,1,South Bend,IN
E0027,"Lewis, Kelsey",Agile Coach,Laura Freeman,USD54658,1,Rockford,IL
E0028,"Marshall, Larry",QA Analyst,Tracey Perry,USD88802,1,Gary,IN
E0029,"Graham, Donna",Support Engineer,-,USD101112,1,Milwaukee,WI
E0030,"Duncan, Tami",Mobile App Architect,Sarah Alexander,USD63468,1,Rockford,IL
E0031,"Martin, Robert",Lead Developer,Kristina Smith,USD111870,1,Milwaukee,WI
,,,,,,,
E0032,"Buchanan, Brian",Scrum Master,Christina Mckenzie,USD47840,0,Madison,WI
E0033,"Brown, James",Digital Marketing Analyst,Tami Duncan,USD77382,1,Rockford,IL
E0034,"Murray, Sarah",Software Engineer,Nicholas Soto,USD134527,1,Gary,IN
E0035,"Ford, Paul",Manager,Tami Duncan,USD275000,3,Peoria,IL
E0036,"Bowman, Christina",Technical Writer,Samuel Harris,USD67831,1,Milwaukee,WI
E0037,"George, Victoria",Support Engineer,,USD133367,1,Rockford,IL
E0038,"Silva, Neil",Training Coordinator,Nicholas Soto,USD50004,1,Chicago,IL
E0039,"Peters, Victoria",Manager,Nicholas Soto,USD275000,3,Rockford,IL
E0040,"Vaughn, Sarah",Agile Coach,Victoria George,USD74274,1,Naperville,IL
E0041,"Howe, Molly",Manager,Erica Haynes,USD275000,3,Gary,IN
E0042,"Graham, Victor",Content Strategist,,USD54480,1,Milwaukee,WI
E0043,"Hoover, Sandra",Backend Engineer,Sarah Alexander,USD101919,1,Gary,IN
E0044,"Hamilton, Tina",Mobile Security Analyst,Erica Haynes,USD76194,1,Gary,IN
E0045,"Tucker, Robert",Manager,Rachel Lara,USD137128,1,Rockford,IL
E0046,"Aguirre, David",Manager,Rachel Lara,USD126115,1,Gary,IN
E0047,"Livingston, Laurie",Mobile Deployment Specialist,Christine Harrison,USD76289,1,Naperville,IL
E0048,"Martinez, Lauren",Build Engineer,Rachel Lara,USD105080,1,Gary,IN
E0049,"Gray, James",Manager,Kelly Rodriguez,USD156853,2,Gary,IN
E0050,"Cuevas, Erik",Mobile Technical Lead,,USD59374,1,Milwaukee,WI
E0051,"Moore, William",Solutions Architect,Samuel Harris,USD45187,0,South Bend,IN
E0052,"Lyons, Leon",Solutions Architect,Erica Haynes,USD81593,1,Naperville,IL
E0053,"Turner, Holly",Frontend Engineer,Rachel Lara,USD93904,1,Rockford,IL
E0054,"Roberts, Joshua",Backend Engineer,Erica Haynes,USD109313,1,Naperville,IL
E0055,"Foster, Jaclyn",Mobile Deployment Specialist,Christine Harrison,USD89915,1,Gary,IN
,,,,,,,
E0056,"Miller, Rebecca",Manager,Laura Freeman,USD250000,3,Chicago,IL
E0057,"Poole, Richard",Frontend Engineer,Tracey Perry,USD135598,1,Madison,WI
E0058,"Mcdonald, Sierra",Android Developer,Kelly Rodriguez,USD135621,1,Gary,IN
E0059,"Alvarez, Joshua",UI/UX Designer,0,USD51947,1,Milwaukee,WI
E0060,"Little, Brandon",Principal Engineer,Kristina Smith,USD100366,1,Chicago,IL
E0061,"Webster, Amanda",Solutions Architect,Christina Mckenzie,USD54258,1,Milwaukee,WI
E0062,"Adams, Ronald",Manager,Tami Duncan,USD110817,1,Gary,IN
E0063,"Hernandez, David",Software Engineer,Nicholas Soto,USD120786,1,Madison,WI
E0064,"Nixon, Albert",Mobile Integration Engineer,Tami Duncan,USD135781,1,Peoria,IL
E0065,"York, Shelley",UX Researcher,Samuel Harris,USD67107,1,Naperville,IL
E0066,"Jefferson, Sandra",Manager,0,USD155563,2,Chicago,IL
E0067,"Brown, Julie",Frontend Engineer,Nicholas Soto,USD100216,1,Chicago,IL
E0068,"Smith, Tina",Mobile QA Engineer,Nicholas Soto,USD129595,1,Madison,WI
E0069,"Levine, Melissa",DevOps Engineer,Victoria George,USD90712,1,Gary,IN
E0070,"Hernandez, Monique",Digital Marketing Analyst,Erica Haynes,USD82279,1,Naperville,IL
E0071,"Jackson, Kelsey",Training Coordinator,Erica Haynes,USD61911,1,Peoria,IL
E0072,"Williams, Patricia",QA Analyst,Sarah Alexander,USD73882,1,Madison,WI
E0073,"Murray, Joseph",Scrum Master,Erica Haynes,USD79177,1,Gary,IN
E0074,"Garcia, Beverly",Backend Engineer,Rachel Lara,USD138702,1,South Bend,IN
,,,,,,,
E0075,"Silva, Jesse",Lead Developer,Rachel Lara,USD93669,1,South Bend,IN
E0076,"Hammond, Megan",Software Engineer,Christine Harrison,USD138889,1,Milwaukee,WI
E0077,"Watson, Katrina",Product Designer,Rachel Lara,USD65525,1,Gary,IN
E0078,"Byrd, Kara",DevOps Engineer,0,USD93582,1,Rockford,IL
E0079,"Morrison, Luis",Software Tester,Kelly Rodriguez,USD62689,1,Milwaukee,WI
E0080,"Powers, Brittany",Manager,Samuel Harris,USD133770,1,Rockford,IL
E0081,"Glenn, Ashley",Automation Engineer,Erica Haynes,USD108494,1,Madison,WI
E0082,"Carter, David",Mobile App Architect,Rachel Lara,USD49280,0,South Bend,IN
E0083,"Santiago, Jason",Manager,Erica Haynes,USD275000,3,South Bend,IN
E0084,"Collins, Stacey",Automation Engineer,Christine Harrison,USD107640,1,Milwaukee,WI
E0085,"Allen, Kyle",Mobile Technical Lead,Laura Freeman,USD47940,0,Naperville,IL
E0086,"English, Samuel",UI/UX Designer,Tracey Perry,USD65616,1,Milwaukee,WI
E0087,"Terry, Timothy",iOS Developer,Kelly Rodriguez,USD113373,1,Peoria,IL
E0088,"Gonzalez, Andrea",Platform Engineer,Sarah Alexander,USD102771,1,Rockford,IL
E0089,"Reilly, Christina",Cloud Engineer,Kristina Smith,USD98488,1,Milwaukee,WI
E0090,"Schmidt, Brian",UX Researcher,Christina Mckenzie,USD78002,1,Milwaukee,WI
E0091,"James, Jon",Full Stack Developer,Tami Duncan,USD91552,1,Gary,IN
E0092,"Holden, Whitney",Manager,Nicholas Soto,USD275000,3,Peoria,IL
E0093,"Carroll, Peggy",Full Stack Developer,Tami Duncan,USD134720,1,Naperville,IL
E0094,"Ibarra, Garrett",Business Analyst,Samuel Harris,USD63056,1,South Bend,IN
E0095,"Gonzalez, Rebecca",Retention Specialist,Samuel Harris,USD81437,1,Madison,WI
E0096,"Richards, Kathleen",Platform Engineer,Nicholas Soto,USD123836,1,Rockford,IL
E0097,"Hicks, Jeremy",Backend Engineer,Nicholas Soto,USD112218,1,Peoria,IL
E0098,"Valdez, Russell",Lead Developer,Victoria George,USD118239,1,Chicago,IL
E0099,"Hendrix, Caitlin",Automation Engineer,Erica Haynes,USD103685,1,Milwaukee,WI
E0100,"Colon, Beverly",Mobile Technical Lead,Erica Haynes,USD77605,1,Milwaukee,WI
E0101,"Fitzgerald, James",Full Stack Developer,Sarah Alexander,USD110286,1,Milwaukee,WI
E0102,"Flynn, Tina",Mobile App Architect,Erica Haynes,USD74806,1,Rockford,IL
E0103,"Willis, Melissa",Technical Writer,Rachel Lara,USD55582,1,Milwaukee,WI
E0104,"Patel, John",Mobile Technical Lead,Rachel Lara,USD68811,1,Rockford,IL
E0105,"Winters, Debra",Manager,Christine Harrison,USD121743,1,Naperville,IL
E0106,"Olson, Gina",Product Designer,Rachel Lara,USD61778,1,Naperville,IL
E0107,"Adams, Michael",Backend Engineer,Kelly Rodriguez,USD98124,1,Naperville,IL
,,,,,,,
,,,,,,,
,,,,,,,
,,,,,,,
,,,,,,,
,,,,,,,
,,,,,,,
,,,,,,,
,,,,,,,
,,,,,,,
,,,,,,,
E0108,"Martin, April",Solutions Architect,Kelly Rodriguez,USD63784,1,Gary,IN
E0109,"Lee, Cynthia",Lead Developer,Samuel Harris,USD134602,1,Madison,WI
E0110,"Reyes, Eric",Solutions Architect,Erica Haynes,USD78585,1,Rockford,IL
E0111,"Jones, Christine",Scrum Master,Rachel Lara,USD72079,1,Naperville,IL
E0112,"Williams, Jessica",Retention Specialist,0,USD61398,1,Chicago,IL
E0113,"Vega, Joel",Automation Engineer,Christine Harrison,USD135858,1,Chicago,IL
E0114,"Fischer, Vicki",Mobile App Architect,Laura Freeman,USD64048,1,Gary,IN
E0115,"Chapman, Robert",Mobile Technical Lead,Tracey Perry,USD71167,1,Milwaukee,WI
E0116,"Wilson, Melanie",Agile Coach,Kelly Rodriguez,USD75295,1,Milwaukee,WI
E0117,"Mercado, Donald",App Store Optimization Specialist,Sarah Alexander,USD75351,1,Naperville,IL
E0118,"Acosta, Tammy",Scrum Master,Kristina Smith,USD56814,1,Milwaukee,WI
E0119,"Robinson, Tony",Digital Marketing Analyst,Christina Mckenzie,USD66536,1,Gary,IN
E0120,"Shea, Jeremy",Manager,Tami Duncan,USD250000,3,Rockford,IL
E0121,"Winters, Shane",Support Engineer,Nicholas Soto,USD103935,1,Naperville,IL
E0122,"Smith, William",Content Strategist,Tami Duncan,USD74791,1,Chicago,IL
E0123,"Welch, Lorraine",Full Stack Developer,Samuel Harris,USD120799,1,Madison,WI
E0124,"Hill, Laura",Manager,Samuel Harris,USD130983,1,Chicago,IL
E0125,"Jones, Yolanda",Agile Coach,Nicholas Soto,USD49089,0,Rockford,IL
E0126,"Ellis, Michael",Digital Marketing Analyst,Nicholas Soto,USD75512,1,South Bend,IN
E0127,"Humphrey, Allison",Manager,Victoria George,USD111503,1,Gary,IN
E0128,"Ortiz, Norma",User Researcher,0,USD56541,1,Milwaukee,WI
E0129,"Jacobson, Michael",Manager,Erica Haynes,USD127950,1,Gary,IN
E0130,"Smith, Linda",Manager,Sarah Alexander,USD156675,2,Naperville,IL
E0131,"Haynes, Kaitlin",UX Researcher,Erica Haynes,USD79391,1,South Bend,IN
E0132,"Young, Ryan",User Researcher,Rachel Lara,USD57063,1,Chicago,IL
E0133,"Hayes, Andrew",Digital Marketing Analyst,Rachel Lara,USD71207,1,Peoria,IL
E0134,"Wilson, Robert",Software Tester,Christine Harrison,USD67890,1,Gary,IN
E0135,"Young, Steven",Product Designer,Rachel Lara,USD80094,1,Madison,WI
E0136,"Flowers, Julie",Manager,Kelly Rodriguez,USD138625,1,Rockford,IL
E0137,"Washington, Perry",Manager,Kelly Rodriguez,USD147376,1,Gary,IN
E0138,"Johnson, Kathleen",iOS Developer,Samuel Harris,USD126759,1,South Bend,IN
E0139,"Patel, Adrian",Manager,-,USD147911,1,Madison,WI
E0140,"Johnson, Matthew",Manager,Rachel Lara,USD275000,3,Rockford,IL
E0141,"Turner, Charles",Full Stack Developer,Erica Haynes,USD120058,1,Madison,WI
E0142,"Rodriguez, Gary",Mobile Security Analyst,Christine Harrison,USD63722,1,Gary,IN
E0143,"Mercado, Kelsey",Mobile Integration Engineer,Laura Freeman,USD137335,1,Chicago,IL
E0144,"Marshall, Carla",Backend Engineer,Tracey Perry,USD131569,1,Naperville,IL
E0145,"Thornton, Rebecca",Mobile QA Engineer,Kelly Rodriguez,USD104327,1,South Bend,IN
E0146,"Lawson, Gabriela",Manager,Sarah Alexander,USD275000,3,Madison,WI
E0147,"Buckley, Angel",Manager,-,USD275000,3,South Bend,IN
E0148,"Moore, Sara",Retention Specialist,Christina Mckenzie,USD78901,1,Chicago,IL
E0149,"Chavez, Charles",Solutions Architect,Tami Duncan,USD46061,0,Peoria,IL
E0150,"Garrison, Logan",Platform Engineer,Nicholas Soto,USD98175,1,Naperville,IL
E0151,"Ward, Wendy",UX Researcher,Tami Duncan,USD71895,1,Rockford,IL
E0152,"Stevens, Dennis",Build Engineer,Samuel Harris,USD117908,1,Rockford,IL
E0153,"Morales, Tina",Software Engineer,Samuel Harris,USD120069,1,Gary,IN
E0154,"Hood, Melanie",Software Engineer,Nicholas Soto,USD126225,1,Madison,WI
E0155,"Lopez, Christine",Digital Marketing Analyst,Nicholas Soto,USD72503,1,Peoria,IL
E0156,"Grant, Thomas",Business Analyst,Victoria George,USD69281,1,Milwaukee,WI
E0157,"Miller, Mark",Mobile App Architect,Erica Haynes,USD50874,1,Chicago,IL
E0158,"Richards, Meghan",Mobile App Architect,Erica Haynes,USD77532,1,Milwaukee,WI
E0159,"Price, Stephen",Platform Engineer,Sarah Alexander,USD128091,1,Chicago,IL
E0160,"Watson, Kara",UX Researcher,Erica Haynes,USD58885,1,South Bend,IN
E0161,"White, Kevin",Mobile Deployment Specialist,-,USD72487,1,Milwaukee,WI
E0162,"Vasquez, Courtney",Product Designer,Rachel Lara,USD53155,1,Rockford,IL
E0163,"Stewart, Brandon",UX Researcher,Christine Harrison,USD70939,1,Chicago,IL
E0164,"Jensen, Katherine",QA Analyst,Rachel Lara,USD76631,1,Peoria,IL
E0165,"Lee, Todd",Manager,Kelly Rodriguez,USD275000,3,Peoria,IL
E0166,"Johnson, Christian",Retention Specialist,Kelly Rodriguez,USD67915,1,Chicago,IL
E0167,"Marshall, Donna",Mobile QA Engineer,Samuel Harris,USD91017,1,Chicago,IL
E0168,"Harris, Kenneth",Solutions Architect,Erica Haynes,USD79010,1,Rockford,IL
E0169,"Andrews, Garrett",DevOps Engineer,Rachel Lara,USD127498,1,Gary,IN
E0170,"Phillips, Ryan",Mobile Deployment Specialist,Erica Haynes,USD72824,1,South Bend,IN
E0171,"Johnson, Joseph",Manager,Christine Harrison,USD135776,1,Chicago,IL
E0172,"Farmer, Alexandria",Digital Marketing Analyst,-,USD64222,1,Gary,IN
E0173,"Williams, Michael",Application Support Analyst,Tracey Perry,USD89627,1,Rockford,IL
E0174,"Jackson, William",DevOps Engineer,Kelly Rodriguez,USD118665,1,South Bend,IN
E0175,"Baker, Lisa",Training Coordinator,Sarah Alexander,USD53279,1,Milwaukee,WI
E0176,"Jacobs, Ernest",Mobile Technical Lead,Kristina Smith,USD70690,1,Peoria,IL
E0177,"Crawford, Elizabeth",DevOps Engineer,Christina Mckenzie,USD111129,1,South Bend,IN
E0178,"Rose, Dakota",Scrum Master,Tami Duncan,USD46680,0,Gary,IN
E0179,"Rodriguez, Paul",Business Analyst,Nicholas Soto,USD85232,1,Madison,WI
E0180,"Davidson, Beverly",Lead Developer,Tami Duncan,USD136371,1,Milwaukee,WI
E0181,"Santiago, Steven",Agile Coach,Samuel Harris,USD46657,0,Madison,WI
E0182,"Morgan, Douglas",Business Analyst,Samuel Harris,USD80693,1,Rockford,IL
E0183,"Alvarez, Timothy",Automation Engineer,Nicholas Soto,USD132763,1,South Bend,IN
E0184,"Dodson, Linda",Software Tester,Nicholas Soto,USD80089,1,South Bend,IN
E0185,"Vasquez, Claire",User Researcher,Victoria George,USD48391,0,Peoria,IL
E0186,"Romero, Wendy",Full Stack Developer,0,USD131119,1,Chicago,IL
E0187,"Cruz, Daniel",Manager,Erica Haynes,USD116777,1,Milwaukee,WI
E0188,"Miller, Patricia",Principal Engineer,Sarah Alexander,USD98040,1,Milwaukee,WI
E0189,"Church, Christine",Technical Writer,Erica Haynes,USD62170,1,Madison,WI
E0190,"Mclaughlin, Tina",Manager,Rachel Lara,USD250000,3,Rockford,IL
E0191,"Trevino, James",Application Support Analyst,Rachel Lara,USD63298,1,Naperville,IL
E0192,"Lucas, Michael",UX Researcher,Christine Harrison,USD49821,0,Naperville,IL
E0193,"King, Penny",Manager,Rachel Lara,USD123781,1,Gary,IN
E0194,"Suarez, Amanda",Mobile Security Analyst,Kelly Rodriguez,USD80760,1,Naperville,IL
E0195,"Davis, Eric",Software Engineer,Kelly Rodriguez,USD109579,1,Chicago,IL
E0196,"Goodman, Susan",Manager,Samuel Harris,USD147178,1,Chicago,IL
E0197,"Rodgers, Kristina",Mobile Data Analyst,Erica Haynes,USD71363,1,Naperville,IL
E0198,"Erickson, Christopher",Principal Engineer,Rachel Lara,USD125814,1,Chicago,IL
E0199,"Boyd, William",Mobile Integration Engineer,Erica Haynes,USD138607,1,Peoria,IL
E0200,"Garcia, William",Software Tester,Christine Harrison,USD84722,1,Chicago,IL
E0201,"Acosta, Jennifer",Android Developer,Laura Freeman,USD123947,1,Madison,WI
E0202,"Mullen, Haley",Solutions Architect,Tracey Perry,USD52522,1,South Bend,IN
E0203,"Sexton, Carlos",Mobile Security Analyst,Kelly Rodriguez,USD64540,1,South Bend,IN
E0204,"Sherman, Thomas",Manager,Sarah Alexander,USD118295,1,Peoria,IL
E0205,"Harris, Kim",Product Designer,Kristina Smith,USD58057,1,Milwaukee,WI
E0206,"Chan, Derek",Training Coordinator,Christina Mckenzie,USD81142,1,Peoria,IL
E0207,"Miller, Mary",Support Engineer,0,USD118577,1,Gary,IN
E0208,"Fischer, Emily",User Researcher,Nicholas Soto,USD56335,1,South Bend,IN
E0209,"Rodriguez, Michael",Training Coordinator,Tami Duncan,USD63421,1,Gary,IN
E0210,"Williams, Jonathan",Manager,Samuel Harris,USD250000,3,Peoria,IL
E0211,"Weiss, Kyle",Manager,Samuel Harris,USD157320,2,Naperville,IL
E0212,"Phillips, Andrew",Mobile Performance Engineer,Nicholas Soto,USD117770,1,Peoria,IL
E0213,"Ramirez, Tammy",Lead Developer,Nicholas Soto,USD97048,1,Gary,IN
E0214,"Thompson, Michele",Software Tester,Victoria George,USD82168,1,Rockford,IL
E0215,"Vega, Daniel",Business Analyst,Erica Haynes,USD86848,1,Milwaukee,WI
E0216,"White, Karen",DevOps Engineer,Erica Haynes,USD92212,1,Peoria,IL
E0217,"Garcia, Michael",UX Researcher,Sarah Alexander,USD64233,1,Rockford,IL
E0218,"Heath, April",Android Developer,Erica Haynes,USD97513,1,Madison,WI
,,,,,,,
,,,,,,,
,,,,,,,
,,,,,,,
E0219,"Hunter, Kathryn",Digital Marketing Analyst,Rachel Lara,USD85916,1,Madison,WI
E0220,"Marquez, Carolyn",Automation Engineer,Rachel Lara,USD94760,1,South Bend,IN
E0221,"Jones, Katherine",Solutions Architect,Christine Harrison,USD69377,1,Madison,WI
E0222,"Higgins, Steven",Mobile Security Analyst,Rachel Lara,USD64007,1,Chicago,IL
E0223,"Austin, Alec",Manager,Kelly Rodriguez,USD110714,1,Rockford,IL
E0224,"Adams, Mary",App Store Optimization Specialist,Kelly Rodriguez,USD78594,1,Rockford,IL
E0225,"Rodriguez, Thomas",Mobile Deployment Specialist,Samuel Harris,USD62170,1,Gary,IN
E0226,"Miller, Manuel",Principal Engineer,Erica Haynes,USD103905,1,South Bend,IN
E0227,"Thomas, Elizabeth",Mobile Deployment Specialist,Rachel Lara,USD69111,1,Milwaukee,WI
E0228,"Ross, Monica",Manager,Erica Haynes,USD137639,1,Gary,IN
E0229,"Forbes, Amber",Mobile Security Analyst,Christine Harrison,USD66492,1,South Bend,IN
E0230,"Gray, Andrew",Support Engineer,Laura Freeman,USD122679,1,Chicago,IL
E0231,"Gallagher, Ryan",UX Researcher,Tracey Perry,USD52815,1,Milwaukee,WI
E0232,"Moore, Mike",DevOps Engineer,Kelly Rodriguez,USD129415,1,Rockford,IL
E0233,"Hamilton, Sarah",Agile Coach,Sarah Alexander,USD60494,1,Chicago,IL
E0234,"Castro, Brandon",Android Developer,Kristina Smith,USD132183,1,Chicago,IL
E0235,"Greene, Karen",Technical Writer,Christina Mckenzie,USD53589,1,Gary,IN
E0236,"Davis, Ruth",Build Engineer,Tami Duncan,USD124571,1,Chicago,IL
E0237,"Allen, Jamie",Manager,Nicholas Soto,USD275000,3,Milwaukee,WI
E0238,"Soto, Yolanda",Mobile App Architect,Tami Duncan,USD72202,1,Peoria,IL
E0239,"Stanton, Joshua",Mobile Security Analyst,Samuel Harris,USD84696,1,Rockford,IL
E0240,"Robinson, Michelle",Scrum Master,Samuel Harris,USD81467,1,Rockford,IL
E0241,"Gray, Karen",Lead Developer,Nicholas Soto,USD93084,1,Gary,IN
E0242,"Williams, Javier",Manager,-,USD275000,3,Naperville,IL
E0243,"Weaver, Joel",Manager,Victoria George,USD275000,3,Rockford,IL
E0244,"Thomas, William",Mobile App Architect,Erica Haynes,USD46919,0,South Bend,IN
E0245,"Collins, Ryan",iOS Developer,Erica Haynes,USD99092,1,Milwaukee,WI
E0246,"Parsons, Lindsay",Manager,Sarah Alexander,USD250000,3,Gary,IN
E0247,"Farley, Brenda",DevOps Engineer,Erica Haynes,USD95768,1,South Bend,IN
E0248,"Rodriguez, Veronica",Solutions Architect,Rachel Lara,USD80229,1,Chicago,IL
E0249,"Smith, Jennifer",UI/UX Designer,Rachel Lara,USD62018,1,Chicago,IL
E0250,"Nelson, Andrea",UI/UX Designer,Christine Harrison,USD64941,1,Milwaukee,WI
E0251,"Mcbride, Joshua",Mobile Data Analyst,Rachel Lara,USD82541,1,Port Kathrynland,NM
E0252,"Vincent, Rachael",Agile Coach,Kelly Rodriguez,USD62688,1,Port Michaelville,KS
E0253,"Decker, Susan",Backend Engineer,Kelly Rodriguez,USD128237,1,Randallmouth,LA
E0254,"Steele, Spencer",Backend Engineer,Samuel Harris,USD110927,1,Hernandezport,WV
E0255,"Stanton, Chad",Manager,Erica Haynes,USD137085,1,South Matthew,NC
E0256,"Johnston, Lori",Manager,Rachel Lara,USD118019,1,North Terri,NV
E0257,"Green, Megan",Automation Engineer,Erica Haynes,USD127872,1,Jamesview,IA
E0258,"Gonzalez, Michael",Support Engineer,Christine Harrison,USD108385,1,New Lauren,MN
E0259,"Powell, Jillian",Product Designer,Laura Freeman,USD59800,1,Gillland,WY
E0260,"Walters, Randall",Technical Writer,Tracey Perry,USD50426,1,Port Jessicaport,NV
E0261,"Williams, Brenda",Automation Engineer,Kelly Rodriguez,USD133219,1,Penningtonmouth,MA
E0262,"Pearson, Jeffrey",Manager,Sarah Alexander,USD155545,2,West Barbara,CT
E0263,"Gray, Juan",Support Engineer,-,USD93949,1,South Kelli,SD
E0264,"Haynes, Kathy",Manager,Christina Mckenzie,USD124164,1,North Johnberg,VT
E0265,"Castillo, Laura",Agile Coach,Tami Duncan,USD57315,1,Orozcoport,CO
E0266,"Wilson, Brittney",Mobile Data Analyst,Nicholas Soto,USD66837,1,North Georgeton,AR
E0267,"Carrillo, Nicole",Mobile Integration Engineer,Tami Duncan,USD123680,1,Underwoodland,IA
E0268,"Davis, Mathew",Manager,Samuel Harris,USD156433,2,Raymondport,NY
E0269,"Mitchell, Robert",Platform Engineer,Samuel Harris,USD96924,1,Myerschester,NJ
E0270,"Richardson, Shaun",QA Analyst,Nicholas Soto,USD71915,1,Williamsland,DE
E0271,"Smith, Rachel",Lead Developer,Nicholas Soto,USD123650,1,West Emilyview,ME
E0272,"Barker, Joseph",Software Tester,Victoria George,USD49498,0,East Renee,IA
E0273,"Garcia, Virginia",DevOps Engineer,Erica Haynes,USD134975,1,Susanborough,ME
E0274,"Gould, Jose",Full Stack Developer,Erica Haynes,USD120209,1,Laurenhaven,IL
E0275,"Robertson, John",Frontend Engineer,Sarah Alexander,USD105765,1,Tiffanymouth,KY
E0276,"Ayers, Barbara",Software Engineer,Erica Haynes,USD107482,1,Evanport,HI
E0277,"Thomas, Marcus",Manager,Rachel Lara,USD144792,1,South Bettyview,CA
E0278,"Haas, Stephen",User Researcher,Rachel Lara,USD52754,1,Cassandraview,AK
E0279,"Hunt, Whitney",Cloud Engineer,Christine Harrison,USD118277,1,South Kelli,SD
E0280,"Townsend, Christopher",Application Support Analyst,Rachel Lara,USD76455,1,New Erik,VA
E0281,"Valdez, James",Mobile Data Analyst,Kelly Rodriguez,USD61741,1,Port Benjaminborough,MA
E0282,"Macdonald, James",Solutions Architect,Kelly Rodriguez,USD51410,1,Goodmanport,WA
E0283,"Cruz, Travis",Digital Marketing Analyst,Samuel Harris,USD66354,1,Port Nicole,SC
,,,,,,,
E0284,"Hoffman, Michael",Application Support Analyst,Erica Haynes,USD65788,1,West Timothyfort,OR
E0285,"Rose, Belinda",Mobile Integration Engineer,Rachel Lara,USD129809,1,Laurenburgh,NC
E0286,"Williams, Tristan",Digital Marketing Analyst,Erica Haynes,USD63577,1,Port Brittanyfurt,NM
E0287,"Holt, James",Manager,Christine Harrison,USD126314,1,North Annette,DE
E0288,"Moore, Marcus",QA Analyst,Laura Freeman,USD63774,1,Lake Anthony,ME
E0289,"Hardy, Kyle",Mobile Technical Lead,0,USD62444,1,Kellyborough,CT
E0290,"Vazquez, Brian",Build Engineer,Kelly Rodriguez,USD96621,1,Lake Justinburgh,NM
E0291,"Brooks, Peter",Lead Developer,Sarah Alexander,USD135843,1,New Dennisview,IN
E0292,"Wilson, Mitchell",Application Support Analyst,Kristina Smith,USD72874,1,South Jonathan,KS
E0293,"Gordon, John",Manager,Christina Mckenzie,USD127581,1,Laurenburgh,NC
E0294,"Martinez, Aaron",DevOps Engineer,Tami Duncan,USD103341,1,West Alicia,SD
E0295,"Wallace, Christy",Training Coordinator,Nicholas Soto,USD84079,1,North Brandon,SC
E0296,"Johns, Connie",Mobile App Architect,Tami Duncan,USD57129,1,Johnville,KS
E0297,"Dougherty, Teresa",Manager,Samuel Harris,USD155084,2,Kellyborough,CT
E0298,"Kelley, Jimmy",Mobile Security Analyst,Samuel Harris,USD82329,1,Lake Jacquelinehaven,DE
E0299,"Wallace, Rachel",Software Engineer,Nicholas Soto,USD111768,1,East Richard,WY
E0300,"Smith, Elizabeth",Full Stack Developer,Nicholas Soto,USD90834,1,East Bradley,VA
E0301,"Mendoza, Gregory",Digital Marketing Analyst,Victoria George,USD70946,1,Jacquelineburgh,NE
E0302,"Glass, Cynthia",User Researcher,Erica Haynes,USD50044,1,Lake Patrick,GA
E0303,"Hansen, Thomas",Principal Engineer,Erica Haynes,USD113078,1,Lake Rebeccaborough,AR
E0304,"Simpson, Danielle",Manager,Sarah Alexander,USD110065,1,Lake Cassie,FL
E0305,"Shaffer, Jonathan",Product Designer,Erica Haynes,USD52168,1,Madelinestad,OR
E0306,"Mitchell, David",Mobile Technical Lead,Rachel Lara,USD64048,1,Kathystad,ND
E0307,"Smith, Austin",Mobile Integration Engineer,Rachel Lara,USD122974,1,North Samantha,IA
E0308,"White, Christine",Mobile App Architect,Christine Harrison,USD51553,1,West Kimberlyhaven,SD
E0309,"Wilson, Nancy",Mobile Performance Engineer,Rachel Lara,USD122156,1,Milesbury,TN
E0310,"Douglas, Jenny",Build Engineer,Kelly Rodriguez,USD106865,1,Port Jeffreytown,KS
E0311,"Kennedy, Julia",User Researcher,Kelly Rodriguez,USD68874,1,Randallmouth,LA
E0312,"Berry, Emily",Cloud Engineer,Samuel Harris,USD109735,1,Travisbury,OR
E0313,"Shields, Michael",Mobile Integration Engineer,Erica Haynes,USD133511,1,Underwoodland,IA
E0314,"Pace, Megan",Frontend Engineer,Rachel Lara,USD107690,1,West Ryan,IL
E0315,"Lawrence, Jennifer",Business Analyst,Erica Haynes,USD60679,1,North Timothy,NM
E0316,"Walters, Anne",QA Analyst,Christine Harrison,USD81606,1,South Christopher,CO
E0317,"Wright, Felicia",Support Engineer,Laura Freeman,USD92025,1,New Alejandromouth,UT
E0318,"Potter, Charles",Manager,Tracey Perry,USD138227,1,South Michael,ND
E0319,"Reid, Scott",Scrum Master,Kelly Rodriguez,USD57703,1,New Johnton,MS
E0320,"Green, Joann",Business Analyst,Sarah Alexander,USD63536,1,Elizabethfurt,WI
E0321,"Mccann, Gerald",Business Analyst,Kristina Smith,USD82242,1,North Elizabeth,MT
E0322,"Mckinney, Valerie",Mobile Integration Engineer,Christina Mckenzie,USD101465,1,Jessicaside,ID
E0323,"Garcia, Luis",Mobile Data Analyst,Tami Duncan,USD72813,1,New Elizabeth,UT
,,,,,,,
E0324,"Cherry, Alan",Content Strategist,Nicholas Soto,USD65271,1,East Charles,MD
E0325,"Fox, Amanda",Manager,-,USD144083,1,Lake Charles,DC
E0326,"Wood, Nicole",Lead Developer,Samuel Harris,USD98058,1,New Erik,VA
E0327,"Adams, Harold",Mobile Technical Lead,Samuel Harris,USD67740,1,North Brandon,SC
E0328,"Parker, Cassandra",iOS Developer,Nicholas Soto,USD122697,1,Cassandraview,AK
E0329,"Allen, Kelsey",App Store Optimization Specialist,Nicholas Soto,USD82312,1,Lake Brooke,TX
E0330,"Woods, Joshua",Technical Writer,Victoria George,USD81578,1,East Bradley,VA
E0331,"Robinson, Lisa",Manager,Erica Haynes,USD250000,3,North Brandon,SC
E0332,"Smith, Daniel",Technical Writer,Erica Haynes,USD46021,0,Raymondport,NY
E0333,"Williams, Hannah",Manager,Sarah Alexander,USD275000,3,Monicaton,SD
E0334,"Parks, Jeffery",Frontend Engineer,Erica Haynes,USD93486,1,Lake Cassie,FL
E0335,"Blake, Julie",iOS Developer,Rachel Lara,USD118201,1,Port Jessicaport,NV
E0336,"Melton, Shannon",UI/UX Designer,Rachel Lara,USD61477,1,South Jessica,MT
E0337,"Austin, Katherine",Technical Writer,Christine Harrison,USD77898,1,East Bradley,VA
E0338,"Hubbard, Suzanne",Full Stack Developer,Rachel Lara,USD95636,1,Carlyport,MS
E0339,"King, Ashley",Full Stack Developer,Kelly Rodriguez,USD138041,1,Lake Barbara,NC
E0340,"Davis, Francis",Manager,Kelly Rodriguez,USD275000,3,Adamborough,NC
E0341,"Brock, Stefanie",Mobile QA Engineer,Samuel Harris,USD121010,1,Sandrafort,MN
E0342,"Jones, Richard",Automation Engineer,Erica Haynes,USD134466,1,South Matthew,NC
E0343,"Holloway, Julia",Digital Marketing Analyst,Rachel Lara,USD73078,1,Elizabethfurt,WI
E0344,"Bentley, Toni",User Researcher,Erica Haynes,USD64793,1,West Timothyfort,OR
E0345,"Ortega, Gerald",Software Engineer,Christine Harrison,USD126956,1,New Danburgh,IL
E0346,"Walker, Joseph",Manager,Laura Freeman,USD275000,3,Port Brittanyfurt,NM
E0347,"Bates, Shari",User Researcher,0,USD53892,1,South Mariatown,DC
E0348,"Snyder, Melissa",Software Tester,Kelly Rodriguez,USD64730,1,Susanborough,ME
E0349,"Hoffman, Edgar",Manager,Sarah Alexander,USD250000,3,Cassandraview,AK
E0350,"Lopez, William",App Store Optimization Specialist,Kristina Smith,USD77885,1,North Tiffanyborough,IA
E0351,"Weeks, Christopher",Digital Marketing Analyst,Christina Mckenzie,USD63147,1,South Jessica,MT
E0352,"Miller, Richard",Mobile Performance Engineer,Tami Duncan,USD135490,1,South Collin,TX
E0353,"Murray, Matthew",Retention Specialist,Nicholas Soto,USD83350,1,Owensside,NM
,,,,,,,
E0354,"Conley, Dustin",Cloud Engineer,Tami Duncan,USD118027,1,North Johnberg,VT
E0355,"Nguyen, Nicole",UX Researcher,Samuel Harris,USD75230,1,Evanport,HI
E0356,"Schultz, Erica",Android Developer,Samuel Harris,USD117585,1,Christianborough,WV
E0357,"Simmons, Anna",Lead Developer,Nicholas Soto,USD109817,1,Thompsonshire,HI
E0358,"Wolfe, Rose",Manager,Nicholas Soto,USD143567,1,Port Sarah,NV
E0359,"Garcia, Kelly",Lead Developer,Victoria George,USD125603,1,East Richard,WY
E0360,"Winters, Matthew",Technical Writer,Erica Haynes,USD48508,0,East Eileenmouth,IA
E0361,"Mann, Nicholas",Backend Engineer,Erica Haynes,USD116407,1,Valerieport,VT
E0362,"Jones, David",App Store Optimization Specialist,Sarah Alexander,USD86459,1,Youngtown,NH
E0363,"Mahoney, Melissa",App Store Optimization Specialist,Erica Haynes,USD87498,1,Lake Anthony,ME
E0364,"Simpson, Anthony",UI/UX Designer,Rachel Lara,USD62706,1,Zacharymouth,MA
E0365,"Gonzalez, Steve",Mobile App Architect,Rachel Lara,USD66855,1,West Timothyfort,OR
E0366,"Holt, April",Technical Writer,Christine Harrison,USD82056,1,Alexandriatown,TX
E0367,"Walker, Joseph",Mobile Data Analyst,Rachel Lara,USD88321,1,New Andrew,IL
E0368,"Tapia, Donald",Manager,Kelly Rodriguez,USD154198,2,Jamesborough,WV
E0369,"Hall, Juan",Manager,-,USD123439,1,Lake Amy,OH
E0370,"Hoover, Timothy",Mobile Deployment Specialist,Samuel Harris,USD84262,1,Elizabethfurt,WI
E0371,"Reynolds, Leslie",Backend Engineer,Erica Haynes,USD104650,1,Thomaston,IL
E0372,"Rosario, Nicholas",Business Analyst,Rachel Lara,USD87926,1,Grayport,WY
E0373,"Smith, Brent",Business Analyst,Erica Haynes,USD70187,1,Robertsonfurt,DC
E0374,"Davenport, Lisa",Support Engineer,Christine Harrison,USD130872,1,North Jonathan,DE
E0375,"Vazquez, Jennifer",Frontend Engineer,Laura Freeman,USD94400,1,East Christine,AZ
E0376,"Villegas, Sarah",Principal Engineer,Tracey Perry,USD97932,1,North Terri,NV
E0377,"Heath, James",Automation Engineer,Kelly Rodriguez,USD103388,1,Randymouth,MN
E0378,"Lopez, Steven",Android Developer,Sarah Alexander,USD123148,1,Lake Darrellchester,VT
E0379,"Wright, Mary",UI/UX Designer,Kristina Smith,USD52983,1,Gilbertfurt,ME
E0380,"Gomez, Brandon",Product Designer,Christina Mckenzie,USD57061,1,Heatherside,FL
E0381,"Thompson, Jason",Build Engineer,Tami Duncan,USD107057,1,Richardshire,AR
E0382,"Russo, Sarah",Retention Specialist,Nicholas Soto,USD74389,1,Underwoodland,IA
E0383,"Russell, Elizabeth",Lead Developer,Tami Duncan,USD98073,1,New Erik,VA
E0384,"Romero, Julie",Business Analyst,Samuel Harris,USD60709,1,Thomasburgh,WY
E0385,"Brown, James",Manager,Samuel Harris,USD125773,1,Lake Patrick,GA
E0386,"Mitchell, Donna",Manager,Nicholas Soto,USD145827,1,West Emilyview,ME
E0387,"Barker, Zachary",Product Designer,Nicholas Soto,USD64007,1,Adamborough,NC
E0388,"Murray, Michael",Mobile App Architect,Victoria George,USD83585,1,Laurenburgh,NC
E0389,"Baker, Shannon",Manager,Erica Haynes,USD128034,1,Chrisburgh,WV
E0390,"Ross, Melanie",Manager,Erica Haynes,USD117034,1,Laurieshire,NC
E0391,"Morrow, Martin",Digital Marketing Analyst,Sarah Alexander,USD64855,1,Evanport,HI
E0392,"Young, Robert",App Store Optimization Specialist,Erica Haynes,USD63936,1,Lake Jadefurt,RI
E0393,"Lang, Angela",iOS Developer,Rachel Lara,USD128046,1,West Kimberlyhaven,SD
E0394,"Bartlett, Jennifer",Manager,Rachel Lara,USD275000,3,Ericatown,WY
E0395,"Barker, Stephanie",Lead Developer,Christine Harrison,USD119129,1,Jacksonville,AZ
E0396,"Tucker, Jessica",Backend Engineer,Rachel Lara,USD120664,1,Davidland,NE
E0397,"Calderon, Paul",App Store Optimization Specialist,Kelly Rodriguez,USD69073,1,New Scottport,WV
E0398,"Anderson, Shaun",Cloud Engineer,Kelly Rodriguez,USD122809,1,Underwoodland,IA
E0399,"Jones, Mark",Manager,Samuel Harris,USD275000,3,New Emmaport,MT
E0400,"Peterson, Jasmine",Mobile Integration Engineer,Erica Haynes,USD115599,1,Dawsonport,NM
E0401,"Frazier, Christopher",Software Engineer,Rachel Lara,USD132986,1,Lake Brooke,TX
E0402,"Roth, Kimberly",Manager,Erica Haynes,USD275000,3,Lake Jadefurt,RI
E0403,"Lambert, Colin",App Store Optimization Specialist,Christine Harrison,USD83435,1,Underwoodland,IA
E0404,"Hammond, James",Content Strategist,Laura Freeman,USD64852,1,Martinchester,WA
E0405,"Burke, Charlene",Manager,Tracey Perry,USD152279,2,Alexandriatown,TX
E0406,"Diaz, Jeffrey",Product Designer,Kelly Rodriguez,USD84704,1,Lake Cindy,ND
E0407,"Chavez, Lindsay",Mobile Technical Lead,Sarah Alexander,USD78225,1,Port Shawnmouth,AL
E0408,"Fowler, Juan",Mobile Integration Engineer,Kristina Smith,USD106988,1,Lewisborough,OH
E0409,"Gonzales, Amanda",Mobile Security Analyst,Christina Mckenzie,USD79295,1,East Robert,AZ
E0410,"Jackson, Rhonda",Cloud Engineer,Tami Duncan,USD128305,1,Port Samanthaport,NM
E0411,"Stafford, James",Manager,Nicholas Soto,USD112944,1,Evanport,HI
E0412,"Martin, Heather",DevOps Engineer,Tami Duncan,USD105184,1,Deanville,KY
E0413,"Gonzalez, Amanda",Mobile App Architect,Samuel Harris,USD77730,1,Lake Marcusborough,WY
E0414,"Wilson, Keith",Product Designer,Samuel Harris,USD66211,1,Lake Patrickhaven,MA
E0415,"Giles, Christopher",Automation Engineer,0,USD96909,1,East Richard,WY
E0416,"Ramirez, Julie",Agile Coach,Nicholas Soto,USD72528,1,Martinchester,WA
E0417,"Young, William",UI/UX Designer,Victoria George,USD61415,1,Hendersonton,CO
E0418,"Olsen, Robert",Manager,Nicholas Soto,USD138936,1,Youngtown,NH
E0419,"Villa, Robert",Principal Engineer,Tami Duncan,USD131372,1,Veronicachester,NM
E0420,"Sanders, Sherri",Software Engineer,Samuel Harris,USD111047,1,Port Courtney,IN
E0421,"Ward, Sandra",Mobile Performance Engineer,Samuel Harris,USD114748,1,South Diana,WI
E0422,"Green, Cindy",Mobile Technical Lead,Nicholas Soto,USD81468,1,West Emilyview,ME
E0423,"Martinez, Joanne",User Researcher,Nicholas Soto,USD77184,1,Port Benjaminborough,MA
E0424,"Williams, James",Technical Writer,Victoria George,USD59778,1,West Emilyview,ME
E0425,"Sanchez, Ashley",DevOps Engineer,Erica Haynes,USD118446,1,North Georgeton,AR
,,,,,,,
,,,,,,,
E0426,"Blair, Madison",Software Tester,Erica Haynes,USD50637,1,Lake Miguel,TN
E0427,"Bishop, Travis",Business Analyst,Sarah Alexander,USD81910,1,Deanville,KY
E0428,"Wilkerson, Richard",Mobile QA Engineer,Erica Haynes,USD99211,1,Ericatown,WY
E0429,"Hughes, Joyce",Solutions Architect,Rachel Lara,USD71740,1,Jessicaland,AL
E0430,"Hickman, Charles",Manager,Rachel Lara,USD250000,3,Thomasburgh,WY
E0431,"Stein, Andre",Manager,Christine Harrison,USD144613,1,Nicholstown,AL
E0432,"Mathews, Kathleen",Manager,Rachel Lara,USD147379,1,Monicaton,SD
E0433,"Huang, Jesus",Platform Engineer,-,USD113075,1,Owensside,NM
E0434,"Sawyer, Deborah",Mobile Deployment Specialist,Kelly Rodriguez,USD87964,1,South Jessica,MT
E0435,"Shelton, Ronald",Manager,Samuel Harris,USD138762,1,South Kathy,TN
E0436,"Wright, Angela",Agile Coach,Erica Haynes,USD49644,0,Jessicaland,AL
E0437,"Bentley, Jennifer",Backend Engineer,Rachel Lara,USD123898,1,Gilbertfurt,ME
E0438,"Collier, Courtney",Frontend Engineer,Erica Haynes,USD122683,1,Hansenshire,VA
E0439,"Stone, Colleen",Principal Engineer,Christine Harrison,USD125424,1,Lake Jeffery,ND
E0440,"Fischer, Brian",QA Analyst,Laura Freeman,USD86913,1,Estradamouth,NH
E0441,"Price, Rebecca",User Researcher,Tracey Perry,USD70586,1,North Richardberg,NJ
E0442,"Rowe, Melissa",Manager,Kelly Rodriguez,USD120345,1,Elizabethfurt,WI
E0443,"Larson, Susan",Manager,Sarah Alexander,USD250000,3,East Matthew,SD
E0444,"Moore, Ryan",Mobile Integration Engineer,Kristina Smith,USD130058,1,Johnville,KS
E0445,"Brown, Tanya",Application Support Analyst,Christina Mckenzie,USD80271,1,Lake Cassandra,CT
E0446,"Vaughn, Derek",Manager,Tami Duncan,USD250000,3,Lake Miguel,TN
E0447,"Torres, Johnny",User Researcher,Nicholas Soto,USD46964,0,West Lisa,SD
E0448,"Mejia, Michelle",UX Researcher,Tami Duncan,USD62097,1,West Emilyview,ME
E0449,"Glover, Tyrone",UI/UX Designer,Samuel Harris,USD54128,1,New Carol,NM
E0450,"Allen, Mackenzie",Mobile Data Analyst,Samuel Harris,USD84816,1,Port Jeffreytown,KS
E0451,"Alvarez, Jessica",Automation Engineer,Nicholas Soto,USD122345,1,Chelseaville,NC
E0452,"Perry, Luis",Mobile Technical Lead,Nicholas Soto,USD84977,1,Lake Charles,DC
E0453,"Hopkins, Benjamin",Mobile QA Engineer,Victoria George,USD112665,1,Chelseaville,NC
E0454,"Shaw, Brian",Principal Engineer,Erica Haynes,USD138450,1,Port Kathrynland,NM
E0455,"Johnson, Jessica",Mobile Deployment Specialist,-,USD75688,1,East Thomasstad,NY
E0456,"Watson, Jennifer",Content Strategist,Sarah Alexander,USD47735,0,Randymouth,MN
E0457,"Perez, Chris",Support Engineer,Erica Haynes,USD123266,1,Port Christopher,MT
E0458,"Bishop, Jessica",Cloud Engineer,Rachel Lara,USD118279,1,Jamesview,IA
E0459,"Wells, Diana",QA Analyst,Rachel Lara,USD60702,1,Sandrafort,MN
E0460,"Alexander, David",Android Developer,Christine Harrison,USD102856,1,Mackshire,MS
E0461,"Hall, Jacqueline",Agile Coach,Rachel Lara,USD46185,0,Jasonton,NH
E0462,"Leonard, Ernest",UI/UX Designer,Kelly Rodriguez,USD70370,1,West Davidmouth,HI
E0463,"Morris, Jodi",Manager,Kelly Rodriguez,USD250000,3,New Erik,VA
E0464,"Barrera, Joseph",Digital Marketing Analyst,Samuel Harris,USD78007,1,South Jessica,MT
E0465,"Brown, Taylor",Mobile Performance Engineer,Erica Haynes,USD97732,1,Thomaston,IL
E0466,"Morgan, Anita",Solutions Architect,Rachel Lara,USD68054,1,Watsontown,OH
E0467,"Fields, Lauren",Digital Marketing Analyst,Erica Haynes,USD61898,1,Sierraville,KS
E0468,"Thompson, Michael",Scrum Master,Christine Harrison,USD83575,1,New Scottport,WV
E0469,"Yoder, Ashley",UX Researcher,Laura Freeman,USD80141,1,Jessicaland,AL
E0470,"Newman, Samuel",iOS Developer,Tracey Perry,USD137174,1,Bautistatown,IN
E0471,"Boyd, Jack",UI/UX Designer,Kelly Rodriguez,USD50020,1,Lake Cassandra,CT
E0472,"Perry, James",Mobile Performance Engineer,Sarah Alexander,USD101835,1,South Chadmouth,KS
E0473,"Rodriguez, Emily",Mobile Security Analyst,Kristina Smith,USD71457,1,Lake Roymouth,CO
E0474,"Sims, Meagan",Automation Engineer,-,USD109163,1,Lewisborough,OH
E0475,"Miller, Timothy",Application Support Analyst,Tami Duncan,USD75686,1,Lake Cindy,ND
E0476,"Acosta, Joseph",Manager,Nicholas Soto,USD250000,3,West Barbara,CT
E0477,"Mason, Linda",Build Engineer,Tami Duncan,USD103491,1,Laurenburgh,NC
E0478,"Brooks, Angel",Cloud Engineer,Samuel Harris,USD104436,1,Lake Darrellchester,VT
E0479,"Reid, David",Manager,Samuel Harris,USD250000,3,Emilyside,NV
E0480,"Tucker, Mark",Technical Writer,Nicholas Soto,USD61004,1,North Jessicamouth,MA
E0481,"Green, Shari",Content Strategist,Nicholas Soto,USD65896,1,Port Michaelville,KS
E0482,"Bailey, Andrew",Platform Engineer,Victoria George,USD96840,1,Lake Anthony,ME
E0483,"Barnes, Rachel",UX Researcher,Erica Haynes,USD76864,1,East Renee,IA
E0484,"Smith, Gregory",Manager,Erica Haynes,USD250000,3,Veronicachester,NM
,,,,,,,
E0485,"Schwartz, Amanda",QA Analyst,Sarah Alexander,USD69992,1,East Courtney,WV
E0486,"Jordan, Gary",Manager,Erica Haynes,USD118044,1,Port Sarah,NV
E0487,"Farmer, Lisa",Full Stack Developer,Rachel Lara,USD92350,1,Sierraville,KS
E0488,"Daniel, Jamie",Mobile Performance Engineer,Rachel Lara,USD132592,1,Youngtown,NH
E0489,"Cisneros, Cheryl",Frontend Engineer,Christine Harrison,USD91395,1,Nicholstown,AL
E0490,"Taylor, Christopher",Mobile QA Engineer,Rachel Lara,USD107714,1,East Renee,IA
E0491,"Wolfe, Katherine",Agile Coach,Kelly Rodriguez,USD64687,1,Monicaton,SD
E0492,"Warner, Bruce",UI/UX Designer,Kelly Rodriguez,USD63290,1,Stephenbury,MS
E0493,"Martin, Paul",Agile Coach,Samuel Harris,USD77463,1,Tiffanymouth,KY
E0494,"Randall, Omar",Agile Coach,Erica Haynes,USD70209,1,Lake Darrellchester,VT
E0495,"Marquez, Scott",QA Analyst,Rachel Lara,USD66741,1,Johnville,VA
E0496,"Walters, Melvin",Manager,Erica Haynes,USD138251,1,Mackshire,MS
E0497,"Reed, Michelle",Manager,Christine Harrison,USD250000,3,West Lisa,SD
E0498,"Herring, Sandra",Cloud Engineer,Laura Freeman,USD91703,1,Matthewport,ID
E0499,"Molina, William",Mobile Data Analyst,Tracey Perry,USD87137,1,Matthewport,ID
E0500,"Shaw, Joseph",Manager,Kelly Rodriguez,USD275000,3,East Eileenmouth,IA
E0039,"Peters, Victoria",Manager,Nicholas Soto,USD119606,1,Rockford,IL
E0040,"Vaughn, Sarah",Agile Coach,Victoria George,USD74274,1,Naperville,IL
E0041,"Howe, Molly",Manager,Erica Haynes,USD117416,1,Gary,IN
E0042,"Graham, Victor",Content Strategist,,USD54480,1,Milwaukee,WI
E0043,"Hoover, Sandra",Backend Engineer,Sarah Alexander,USD101919,1,Gary,IN
E0044,"Hamilton, Tina",Mobile Security Analyst,Erica Haynes,USD76194,1,Gary,IN
E0045,"Tucker, Robert",Manager,Rachel Lara,USD250000,3,Rockford,IL
E0046,"Aguirre, David",Manager,Rachel Lara,USD250000,3,Gary,IN
E0047,"Livingston, Laurie",Mobile Deployment Specialist,Christine Harrison,USD76289,1,Naperville,IL
E0048,"Martinez, Lauren",Build Engineer,Rachel Lara,USD105080,1,Gary,IN
E0049,"Gray, James",Manager,Kelly Rodriguez,USD250000,3,Gary,IN
E0050,"Cuevas, Erik",Mobile Technical Lead,,USD59374,1,Milwaukee,WI
E0051,"Moore, William",Solutions Architect,Samuel Harris,USD45187,0,South Bend,IN
E0052,"Lyons, Leon",Solutions Architect,Erica Haynes,USD81593,1,Naperville,IL
E0486,"Jordan, Gary",Manager,Erica Haynes,USD250000,3,Port Sarah,NV
E0487,"Farmer, Lisa",Full Stack Developer,Rachel Lara,USD92350,1,Sierraville,KS
E0488,"Daniel, Jamie",Mobile Performance Engineer,Rachel Lara,USD132592,1,Youngtown,NH
E0489,"Cisneros, Cheryl",Frontend Engineer,Christine Harrison,USD91395,1,Nicholstown,AL
E0490,"Taylor, Christopher",Mobile QA Engineer,Rachel Lara,USD107714,1,East Renee,IA
E0491,"Wolfe, Katherine",Agile Coach,Kelly Rodriguez,USD64687,1,Monicaton,SD
E0492,"Warner, Bruce",UI/UX Designer,Kelly Rodriguez,USD63290,1,Stephenbury,MS
E0493,"Martin, Paul",Agile Coach,Samuel Harris,USD77463,1,Tiffanymouth,KY
